SALE TYPE,SOLD DATE,PROPERTY TYPE,ADDRESS,CITY,STATE OR PROVINCE,ZIP OR POSTAL CODE,PRICE,BEDS,BATHS,LOCATION,SQUARE FEET,LOT SIZE,YEAR BUILT,DAYS ON MARKET,$/SQUARE FEET,HOA/MONTH,STATUS,NEXT OPEN HOUSE START TIME,NEXT OPEN HOUSE END TIME,URL (SEE https://www.redfin.com/buy-a-home/comparative-market-analysis FOR INFO ON PRICING),SOURCE,MLS#,FAVORITE,INTERESTED,LATITUDE,LONGITUDE
MLS Listing,,Single Family Residential,265 Buck St,Bangor,ME,04401,169900,3,1.0,Bangor,988,18295,1951,1,172,,Active,,,https://www.redfin.com/ME/Bangor/265-Buck-St-04401/home/100084009,MREIS,1578034,N,Y,44.7940014,-68.7868193
MLS Listing,,Single Family Residential,88 Skunk Hill Rd,Lee,ME,04455,220000,3,1.0,Lee,1192,72309,1977,1,185,,Active,,,https://www.redfin.com/ME/Lee/88-Skunk-Hl-04455/home/97701974,MREIS,1578027,N,Y,45.3590726,-68.2573312
MLS Listing,,Single Family Residential,60 Bickford Rd,Dixmont,ME,04932,129000,2,,Dixmont,1004,949608,1978,1,128,,Active,,,https://www.redfin.com/ME/Dixmont/60-Bickford-Rd-04932/home/100043272,MREIS,1577801,N,Y,44.6624081,-69.1148514
MLS Listing,,Single Family Residential,234 Baker Rd,Hampden,ME,04444,535000,3,3.0,Hampden,3352,147232,2002,1,160,,Active,,,https://www.redfin.com/ME/Hampden/234-Baker-Rd-04444/home/80160000,MREIS,1577984,N,Y,44.6958882,-68.8668052
MLS Listing,,Single Family Residential,0 Mill Priviledge Rd,Carroll Plt,ME,04487,125000,2,,Carroll Plt,700,1777247,2005,1,179,,Active,,,https://www.redfin.com/ME/Carroll-Plantation/Mill-Privilege-Rd-04487/home/180256833,MREIS,1578002,N,Y,45.3617235,-67.9901144
MLS Listing,,Single Family Residential,1 Prouty Dr,Veazie,ME,04401,282000,3,2.0,Veazie,1705,10018,1964,1,165,,Active,,,https://www.redfin.com/ME/Veazie/1-Prouty-Dr-04401/home/100067831,MREIS,1577995,N,Y,44.8265042,-68.7017647
MLS Listing,,Single Family Residential,3198 Bennoch Rd,Alton,ME,04468,165000,3,1.0,Alton,1100,29620,1958,1,150,,Active,,,https://www.redfin.com/ME/Alton/3198-Bennoch-Rd-04468/home/97670848,MREIS,1577994,N,Y,45.0171197,-68.7236563
MLS Listing,,Vacant Land,16 Perry St,Lincoln,ME,04457,9900,,,Lincoln,,8712,,1,,,Active,,,https://www.redfin.com/ME/Lincoln/16-Perry-St-04457/home/188655788,MREIS,1577971,N,Y,45.361265,-68.5073053
MLS Listing,,Single Family Residential,743 Edinburg Rd,Edinburg,ME,04448,154900,2,1.0,Edinburg,1000,914760,2006,1,155,,Active,,,https://www.redfin.com/ME/Edinburg/743-Edinburg-Rd-04448/home/167109870,MREIS,1577978,N,Y,45.1921604,-68.627855
MLS Listing,,Vacant Land,014 Main St,Lincoln,ME,04457,9900,,,Lincoln,,21780,,1,,,Active,,,https://www.redfin.com/ME/Lincoln/14-Main-St-04457/home/188655032,MREIS,1577966,N,Y,45.3626538,-68.5046519
MLS Listing,,Single Family Residential,71 Town Rd,Medway,ME,04460,195000,2,2.0,Medway,7260,31798,,1,27,,Active,,,https://www.redfin.com/ME/Medway/71-Town-Rd-04460/home/100066151,MREIS,1577960,N,Y,45.6083874,-68.5258381
MLS Listing,,Vacant Land,00 Waters Rd,Patten,ME,04765,75000,,,Patten,,2208492,,1,,,Active,,,https://www.redfin.com/ME/Patten/Waters-Rd-04765/home/188648000,MREIS,1577951,N,Y,46.0013579,-68.5014036
MLS Listing,,Single Family Residential,133 Stillwater Ave,Orono,ME,04473,289000,3,2.0,Orono,1799,161172,1972,1,161,,Active,,,https://www.redfin.com/ME/Orono/133-Stillwater-Ave-04473/home/100027192,MREIS,1577943,N,Y,44.8871182,-68.7062377
MLS Listing,,Single Family Residential,27 Hodgdon Rd,Levant,ME,04456,465000,3,2.0,Levant,1630,2367486,2003,1,285,,Active,,,https://www.redfin.com/ME/Levant/27-Hodgdon-Rd-04456/home/85798137,MREIS,1577945,N,Y,44.8920878,-68.9979049
MLS Listing,,Multi-Family (2-4 Unit),68 5th St,Bangor,ME,04401,269900,4,2.0,Bangor,1984,7405,1900,2,136,,Active,,,https://www.redfin.com/ME/Bangor/68-5th-St-04401/home/100082339,MREIS,1577929,N,Y,44.7990107,-68.7810325
MLS Listing,,Mobile/Manufactured Home,666 Finson Rd #228,Bangor,ME,04401,80000,3,2.0,Bangor,1064,,1995,2,75,450,Active,,,https://www.redfin.com/ME/Bangor/666-Finson-Rd-04401/unit-228/home/100089137,MREIS,1577910,N,Y,44.8415021,-68.8140856
MLS Listing,,Single Family Residential,41 Birch St,East Millinocket,ME,04430,124900,3,1.5,East Millinocket,1307,10454,1955,2,96,,Active,,,https://www.redfin.com/ME/East-Millinocket/41-Birch-St-04430/home/100066313,MREIS,1577875,N,Y,45.6306524,-68.5742197
MLS Listing,,Vacant Land,35 Branch Rd,Winn,ME,04495,29900,,,Winn,,518364,,2,,,Active,,,https://www.redfin.com/ME/Winn/35-Branch-RD-Unknown/home/188635159,MREIS,1577864,N,Y,45.4512875,-68.3326305
MLS Listing,,Single Family Residential,24 Hayes St,Old Town,ME,04468,75000,3,1.5,Old Town,1662,13068,1908,2,45,,Active,,,https://www.redfin.com/ME/Old-Town/24-Hayes-St-04468/home/100239655,MREIS,1577817,N,Y,44.935048,-68.639813
MLS Listing,,Single Family Residential,19 Pattagumpus Rd,Medway,ME,04460,144900,2,1.0,Medway,720,59241,1965,3,201,,Active,,,https://www.redfin.com/ME/Medway/19-Pattagumpus-Rd-04460/home/100065984,MREIS,1577816,N,Y,45.6122386,-68.5466571
MLS Listing,,Single Family Residential,345 Fourth St,Old Town,ME,04468,89000,5,2.0,Old Town,3012,6098,1900,3,30,,Active,,,https://www.redfin.com/ME/Old-Town/345-4th-St-04468/home/100239349,MREIS,1577809,N,Y,44.9337348,-68.6498664
MLS Listing,,Single Family Residential,19 Clewleyville Rd,Eddington,ME,04428,265000,3,1.5,Eddington,1100,51400,1900,3,241,,Active,,,https://www.redfin.com/ME/Eddington/19-Clewleyville-Rd-04428/home/66710757,MREIS,1577804,N,Y,44.8201553,-68.6958016
MLS Listing,,Single Family Residential,1702 Union St St,Bangor,ME,04401,289900,4,2.0,Bangor,2516,65340,1900,4,115,,Active,,,https://www.redfin.com/ME/Bangor/1702-Union-St-04401/home/177543143,MREIS,1577770,N,Y,44.8288469,-68.8352708
MLS Listing,,Single Family Residential,2920 Lee Rd,Lee,ME,04455,145000,3,1.0,Lee,1170,49222,1960,4,124,,Active,,,https://www.redfin.com/ME/Lee/2920-Lee-Rd-04455/home/97701351,MREIS,1577774,N,Y,45.360542,-68.2701529
MLS Listing,,Single Family Residential,94 Taylor St,Lincoln,ME,04457,315000,3,1.0,Lincoln,1300,10018,1992,5,242,,Active,,,https://www.redfin.com/ME/Lincoln/94-Taylor-St-04457/home/107066430,MREIS,1577763,N,Y,45.3539986,-68.4952391
MLS Listing,,Single Family Residential,3 Wendy Acres Dr,Hermon,ME,04401,289900,3,1.0,Hermon,1692,43560,1976,5,171,,Active,,,https://www.redfin.com/ME/Hermon/3-Wendy-Acres-Dr-04401/home/97636604,MREIS,1577721,N,Y,44.812131,-68.912904
MLS Listing,,Multi-Family (2-4 Unit),106 Forest Ave,Bangor,ME,04401,464900,4,4.0,Bangor,3049,6098,1880,5,152,,Active,,,https://www.redfin.com/ME/Bangor/106-Forest-Ave-04401/home/100087734,MREIS,1577675,N,Y,44.8086347,-68.7639774
MLS Listing,,Single Family Residential,173 Ham Dr,Springfield,ME,04487,59000,3,1.0,Springfield,900,227818,2005,5,66,,Active,,,https://www.redfin.com/ME/Springfield/173-Ham-DR-04487/home/188596751,MREIS,1577674,N,Y,45.376663,-68.1562304
MLS Listing,,Single Family Residential,21-12 Moores Rd,Springfield,ME,04487,69000,2,1.0,Springfield,768,461736,1997,5,90,,Active,,,https://www.redfin.com/ME/Springfield/21-Moores-Rd-04487/home/188596236,MREIS,1577671,N,Y,45.3656417,-68.0955127
MLS Listing,,Single Family Residential,20 Brewster St,Bangor,ME,04401,209000,3,1.0,Bangor,900,6969,1960,5,232,,Active,,,https://www.redfin.com/ME/Bangor/20-Brewster-St-04401/home/100082417,MREIS,1577660,N,Y,44.820731,-68.782351
MLS Listing,,Single Family Residential,5 Dunning Blvd,Bangor,ME,04401,429000,4,2.0,Bangor,1968,17859,1920,6,218,,Active,,,https://www.redfin.com/ME/Bangor/5-Dunning-Blvd-04401/home/100083754,MREIS,1577647,N,Y,44.8105916,-68.8002483
MLS Listing,,Multi-Family (2-4 Unit),30 King St,Old Town,ME,04468,135000,6,2.0,Old Town,2000,16988,1920,6,68,,Active,,,https://www.redfin.com/ME/Old-Town/30-King-St-04468/home/100241803,MREIS,1577635,N,Y,44.9284908,-68.658892
MLS Listing,,Condo/Co-op,112 Franklin St Unit B8,Bangor,ME,04401,265000,2,2.0,Bangor,1241,,1984,6,214,432,Active,,,https://www.redfin.com/ME/Bangor/112-Franklin-St-04401/unit-B8/home/100088829,MREIS,1577630,N,Y,44.8032083,-68.7725302
MLS Listing,,Vacant Land,"Lots 3,4,5 Homestead Dr",Lakeville,ME,04487,183000,,,Lakeville,,5436288,,6,,,Active,,,https://www.redfin.com/ME/Lakeville/Lots-3-4-5-Homestead-DR-04487/home/188590822,MREIS,1577606,N,Y,45.3168704,-68.0647963
MLS Listing,,Single Family Residential,486 Union St,Bangor,ME,04401,309500,5,2.0,Bangor,1542,39204,1900,6,201,,Active,,,https://www.redfin.com/ME/Bangor/486-Union-St-04401/home/100081978,MREIS,1577598,N,Y,44.8059497,-68.7876491
MLS Listing,,Vacant Land,548 Webb Cove Dr,Enfield,ME,04493,475000,,,Enfield,,313632,,6,,39,Active,,,https://www.redfin.com/ME/Enfield/548-Webb-Cove-Dr-04493/home/188588233,MREIS,1577574,N,Y,45.2636449,-68.5239938
MLS Listing,,Condo/Co-op,326 Stillwater Ave #15,Old Town,ME,04468,160000,2,1.5,Old Town,1120,5662,2005,6,143,236,Active,,,https://www.redfin.com/ME/Old-Town/326-Stillwater-Ave-04468/unit-15/home/100241984,MREIS,1577577,N,Y,44.9308271,-68.6597059
MLS Listing,,Single Family Residential,13 Davis Dr,Veazie,ME,04401,334911,2,2.0,Veazie,2136,11325,1970,6,157,,Active,,,https://www.redfin.com/ME/Veazie/13-Davis-Dr-04401/home/100068144,MREIS,1577580,N,Y,44.8346239,-68.7154945
MLS Listing,,Vacant Land,Lot 64.6 Cross Rd,Greenfield Twp,ME,04418,29000,,,Greenfield Twp,,270507,,6,,,Active,,,https://www.redfin.com/ME/East-Central-Penobscot/Lot-64-6-Cross-Rd-04418/home/182985627,MREIS,1577561,N,Y,45.0253458,-68.4244399
MLS Listing,,Vacant Land,Lot 64.7 Cross Rd,Greenfield Twp,ME,04418,29000,,,Greenfield Twp,,282704,,6,,,Active,,,https://www.redfin.com/ME/East-Central-Penobscot/Lot-64-7-Cross-Rd-04418/home/182985625,MREIS,1577562,N,Y,45.0253458,-68.4244399
MLS Listing,,Vacant Land,Lots 6-7 Cross Rd,Greenbush,ME,04418,58000,,,Greenbush,,553212,,6,,,Active,,,https://www.redfin.com/ME/Greenbush/6-Cross-Rd-04418/home/181332964,MREIS,1577558,N,Y,45.0613889,-68.4496863
MLS Listing,,Vacant Land,355 off Greenfield Rd,Milford,ME,04461,349000,,,Milford,,15463800,,7,,,Active,,,https://www.redfin.com/ME/Milford/355-off-Greenfield-RD-04461/home/188584436,MREIS,1577531,N,Y,44.9563221,-68.6063323
MLS Listing,,Single Family Residential,120 Ten Rd,Bradley,ME,04411,375000,3,2.0,Bradley,2400,43560,2001,7,156,,Active,,,https://www.redfin.com/ME/Bradley/120-Ten-Rd-04411/home/99949443,MREIS,1577515,N,Y,44.904766,-68.59788
MLS Listing,,Vacant Land,0 Gravy Ln,Bradford,ME,04410,84900,,,Bradford,,2256408,,7,,,Active,,,https://www.redfin.com/ME/Bradford/0-Gravy-Ln-04410/home/183429047,MREIS,1577467,N,Y,45.0714274,-68.887061
MLS Listing,,Single Family Residential,2715 Western Ave,Newburgh,ME,04444,394500,3,2.0,Newburgh,2240,130680,2005,7,176,,Active,,,https://www.redfin.com/ME/Newburgh/2715-Western-Ave-04444/home/100117201,MREIS,1577463,N,Y,44.7157136,-69.0220758
MLS Listing,,Single Family Residential,66 South Rd,Lee,ME,04455,355000,3,3.5,Lee,2800,243935,1985,7,127,,Active,,,https://www.redfin.com/ME/Lee/66-South-Rd-04455/home/97702144,MREIS,1577454,N,Y,45.361385,-68.3345439
MLS Listing,,Single Family Residential,30 Cottage Shore Dr,Holden,ME,04429,462000,3,2.0,Holden,1512,168141,2017,7,306,16,Active,,,https://www.redfin.com/ME/Holden/30-Cottage-Shore-Dr-04429/home/147757954,MREIS,1577137,N,Y,44.7115347,-68.7188766
MLS Listing,,Single Family Residential,6 Black Bear Ln,Holden,ME,04429,142300,3,2.0,Holden,1600,155509,1989,8,89,,Active,,,https://www.redfin.com/ME/Holden/6-Black-Bear-Ln-04429/home/85800307,MREIS,1577443,N,Y,44.7821369,-68.6002062
MLS Listing,,Single Family Residential,17 Aspen Ridge Rd,Glenburn,ME,04401,449000,4,3.5,Glenburn,3175,60548,1997,8,141,,Active,,,https://www.redfin.com/ME/Glenburn/17-Aspen-Rdg-04401/home/100173885,MREIS,1577425,N,Y,44.8170246,-68.7564159
MLS Listing,,Single Family Residential,6 Shadbush Ln,Orono,ME,04473,479900,4,3.0,Orono,1876,20908,2022,8,256,,Active,,,https://www.redfin.com/ME/Orono/6-Shadbush-Ln-04473/home/177423386,MREIS,1577424,N,Y,44.8868665,-68.6868676
MLS Listing,,Single Family Residential,63 Webb Cove Dr,Lowell,ME,04493,317500,3,1.5,Lowell,1488,104544,2002,8,213,17,Active,,,https://www.redfin.com/ME/Lowell/63-Webb-Cove-Dr-04493/home/172535606,MREIS,1577427,N,Y,45.2367678,-68.5349599
MLS Listing,,Mobile/Manufactured Home,330 Airport Rd,Dexter,ME,04930,329900,5,2.0,Dexter,2676,1241460,1984,8,123,,Active,,,https://www.redfin.com/ME/Dexter/330-Airport-Rd-04930/home/97714265,MREIS,1577401,N,Y,45.001175,-69.244821
MLS Listing,,Vacant Land,Off Medway Rd,Mattawamkeag,ME,04459,59000,,,Mattawamkeag,,2874960,,8,,,Active,,,https://www.redfin.com/ME/Molunkus/Off-Medway-Rd-04459/home/188571543,MREIS,1577403,N,Y,45.5552199,-68.3836752
MLS Listing,,Single Family Residential,1660 Ohio St,Bangor,ME,04401,269900,3,1.0,Bangor,1050,77536,1960,8,257,,Active,,,https://www.redfin.com/ME/Bangor/1660-Ohio-St-04401/home/100083293,MREIS,1577397,N,Y,44.8402523,-68.8302275
MLS Listing,,Single Family Residential,65 Summer St,Hampden,ME,04444,74900,2,1.0,Hampden,864,14810,1955,8,87,,Active,,,https://www.redfin.com/ME/Hampden/65-Summer-St-04444/home/100224622,MREIS,1577386,N,Y,44.732935,-68.835137
MLS Listing,,Vacant Land,0 Lot#4 Chemo Pond Rd,Eddington,ME,04428,44900,,,Eddington,,128066,,8,,,Active,,,https://www.redfin.com/ME/Eddington/0-Lot4-Chemo-Pond-04428/home/102155120,MREIS,1577370,N,Y,44.8260788,-68.6032159
MLS Listing,,Single Family Residential,48 Holiday Ln,Enfield,ME,04493,850000,3,1.5,Enfield,2255,33105,1950,9,377,,Active,,,https://www.redfin.com/ME/Enfield/48-Holiday-Ln-04493/home/85723806,MREIS,1577355,N,Y,45.2685899,-68.5597162
MLS Listing,,Mobile/Manufactured Home,29 Henderson Ln,Milford,ME,04461,49900,2,1.0,Milford,672,22215,1978,9,74,,Active,,,https://www.redfin.com/ME/Milford/29-Henderson-Ln-04461/home/85791503,MREIS,1577345,N,Y,44.941333,-68.633473
MLS Listing,,Single Family Residential,164 Levenseller Rd,Holden,ME,04429,195000,3,2.0,Holden,1328,41382,1970,9,147,,Active,,,https://www.redfin.com/ME/Holden/164-Levenseller-Rd-04429/home/85799890,MREIS,1577335,N,Y,44.808186,-68.671453
MLS Listing,,Single Family Residential,140 Fern St,Bangor,ME,04401,259222,4,2.0,Bangor,1681,7405,1907,9,154,,Active,,,https://www.redfin.com/ME/Bangor/140-Fern-St-04401/home/100081841,MREIS,1577324,N,Y,44.8114943,-68.7590809
MLS Listing,,Vacant Land,Lot 17 Wessnette Dr,Hampden,ME,04444,49900,,,Hampden,,108900,,9,,,Active,,,https://www.redfin.com/ME/Hampden/17-Wessnette-Dr-04444/home/66683379,MREIS,1577318,N,Y,44.7140473,-68.8930417
MLS Listing,,Multi-Family (2-4 Unit),83 Chamberlain St,Brewer,ME,04412,350000,6,4.0,Brewer,3025,14374,1900,9,116,,Active,,,https://www.redfin.com/ME/Brewer/83-Chamberlain-St-04412/home/100040473,MREIS,1577314,N,Y,44.7949031,-68.7569223
MLS Listing,,Single Family Residential,10 Birchwood Ave Ave,Bangor,ME,04401,425000,4,2.0,Bangor,2310,16988,1995,9,184,,Active,,,https://www.redfin.com/ME/Bangor/10-Birchwood-Ave-04401/home/66712962,MREIS,1577298,N,Y,44.8354873,-68.8228567
MLS Listing,,Condo/Co-op,9 Hubbard Farms Rd #15,Orono,ME,04473,185000,2,1.5,Orono,1071,,1990,9,173,250,Active,,,https://www.redfin.com/ME/Orono/9-Hubbard-Farms-Rd-04473/unit-15/home/100026811,MREIS,1577272,N,Y,44.8953746,-68.6527451
MLS Listing,,Condo/Co-op,51 River Village Dr #51,Milford,ME,04461,195000,2,2.5,Milford,1246,513572,2015,9,157,135,Active,,,https://www.redfin.com/ME/Milford/51-River-Village-Dr-04461/unit-51/home/188550977,MREIS,1577267,N,Y,44.9316494,-68.6343428
MLS Listing,,Single Family Residential,133 Third St,Bangor,ME,04401,179000,3,1.0,Bangor,1440,3049,1902,10,124,,Active,,,https://www.redfin.com/ME/Bangor/133-3rd-St-04401/home/100084753,MREIS,1577259,N,Y,44.79675,-68.7802968
MLS Listing,,Vacant Land,8 Caron Dr,Howland,ME,04448,24900,,,Howland,,21780,,10,,,Active,,,https://www.redfin.com/ME/Howland/8-Caron-Dr-04448/home/99953716,MREIS,1577258,N,Y,45.2466443,-68.6704281
MLS Listing,,Single Family Residential,108 Katahdin Ave,Millinocket,ME,04462,90000,3,1.0,Millinocket,1928,3920,1900,11,47,,Active,,,https://www.redfin.com/ME/Millinocket/108-Katahdin-Ave-04462/home/99964537,MREIS,1577235,N,Y,45.6537011,-68.7103068
MLS Listing,,Mobile/Manufactured Home,44 Cindy Ln,Dexter,ME,04930,54999,2,2.0,Dexter,980,,1983,12,56,,Active,,,https://www.redfin.com/ME/Dexter/44-Cindy-Ln-04930/home/97716134,MREIS,1577191,N,Y,45.0314881,-69.2800642
MLS Listing,,Single Family Residential,153 Maple St,Bangor,ME,04401,385000,3,1.5,Bangor,1910,6534,1912,12,202,,Active,,,https://www.redfin.com/ME/Bangor/153-Maple-St-04401/home/100083216,MREIS,1576360,N,Y,44.811183,-68.760999
MLS Listing,,Single Family Residential,17 Brad Dr,Hermon,ME,04401,74900,3,1.0,Hermon,1431,53578,2005,12,52,,Active,,,https://www.redfin.com/ME/Hermon/17-Brad-Dr-04401/home/97636836,MREIS,1577154,N,Y,44.8345486,-68.9578434
MLS Listing,,Single Family Residential,34 Wellesley Way,Bangor,ME,04401,315000,3,2.0,Bangor,1652,12196,2011,12,191,,Active,,,https://www.redfin.com/ME/Bangor/34-Wellesley-Way-04401/home/100086542,MREIS,1577130,N,Y,44.8375841,-68.8284468
MLS Listing,,Mobile/Manufactured Home,40 Mcfarland St #26,Dexter,ME,04930,24900,2,1.5,Dexter,1008,,1984,12,25,,Active,,,https://www.redfin.com/ME/Dexter/40-McFarland-St-04930/unit-26/home/97714099,MREIS,1574980,N,Y,45.0122001,-69.295699
MLS Listing,,Mobile/Manufactured Home,57 Morse Rd,Plymouth,ME,04969,269000,3,2.0,Plymouth,1144,62290,2024,13,235,,Active,,,https://www.redfin.com/ME/Plymouth/57-Morse-Rd-04969/home/100239240,MREIS,1572899,N,Y,44.79083,-69.2635279
MLS Listing,,Single Family Residential,169 Thornton Rd,Bangor,ME,04401,249000,3,2.0,Bangor,1800,7405,1950,13,138,,Active,,,https://www.redfin.com/ME/Bangor/169-Thornton-Rd-04401/home/100080689,MREIS,1577114,N,Y,44.8229579,-68.7838968
MLS Listing,,Single Family Residential,204 Washington St,Brewer,ME,04412,329900,3,2.0,Brewer,1944,10890,1959,13,170,,Active,,,https://www.redfin.com/ME/Brewer/204-Washington-St-04412/home/100042562,MREIS,1577062,N,Y,44.7953651,-68.7460459
MLS Listing,,Vacant Land,42 Southgate Rd,Old Town,ME,04468,29900,,,Old Town,,435600,,13,,,Active,,,https://www.redfin.com/ME/Old-Town/42-Southgate-Rd-04468/home/100241084,MREIS,1577038,N,Y,44.986759,-68.691023
MLS Listing,,Mobile/Manufactured Home,744 Edinburg Rd,Edinburg,ME,04448,72000,3,1.0,Edinburg,1100,43560,1995,14,65,,Active,,,https://www.redfin.com/ME/Edinburg/744-Edinburg-Rd-04448/home/146787422,MREIS,1576997,N,Y,45.190925,-68.6273792
MLS Listing,,Mobile/Manufactured Home,5 A St,Bangor,ME,04401,92500,3,2.0,Bangor,1216,,2002,14,76,,Active,,,https://www.redfin.com/ME/Bangor/5-A-St-04401/home/100080599,MREIS,1576995,N,Y,44.8474937,-68.7905265
MLS Listing,,Single Family Residential,9 Olins Way,Hermon,ME,04401,409000,3,2.0,Hermon,1568,2178,2018,14,261,350,Active,,,https://www.redfin.com/ME/Hermon/9-Olins-Way-04401/home/170039742,MREIS,1576982,N,Y,44.832217,-68.926801
MLS Listing,,Single Family Residential,60 Boxwood Ln,Hermon,ME,04401,399900,3,2.0,Hermon,1758,50093,2022,14,227,,Active,,,https://www.redfin.com/ME/Hermon/60-Hermon-Hts-04401/home/188499370,MREIS,1576981,N,Y,44.804169,-68.9440019
MLS Listing,,Vacant Land,Lot 7 North Rd,Carroll Plt,ME,04487,17750,,,Carroll Plt,,43560,,14,,,Active,,,https://www.redfin.com/ME/Springfield/7-North-Rd-04487/home/188493562,MREIS,1576944,N,Y,45.4253496,-68.0181179
MLS Listing,,Single Family Residential,15 Bowdoin St,Bangor,ME,04401,169900,1,1.0,Bangor,750,9147,1860,14,227,,Active,,,https://www.redfin.com/ME/Bangor/15-Bowdoin-St-04401/home/100082297,MREIS,1576575,N,Y,44.7996089,-68.78824
MLS Listing,,Vacant Land,Lot #82 Seboeis Rd,Seboeis Plt,ME,04448,29900,,,Seboeis Plt,,31798,,15,,,Active,,,https://www.redfin.com/ME/Howland/82-Seboeis-Rd-04448/home/99953958,MREIS,1576914,N,Y,45.2803334,-68.7057662
MLS Listing,,Single Family Residential,761 River Rd,Orrington,ME,04474,729000,3,2.5,Orrington,3477,145490,1989,15,210,,Active,,,https://www.redfin.com/ME/Orrington/761-River-Rd-04474/home/100165695,MREIS,1576911,N,Y,44.7254247,-68.828786
MLS Listing,,Single Family Residential,725 Bacon Rd,Charleston,ME,04422,314900,3,2.0,Charleston,1800,892980,1985,16,175,,Active,,,https://www.redfin.com/ME/Charleston/725-Bacon-Rd-04422/home/99997661,MREIS,1576814,N,Y,45.052755,-69.077482
MLS Listing,,Single Family Residential,77 Old County Rd N,Enfield,ME,04493,99000,3,1.5,Enfield,1408,11761,1900,16,70,,Active,,,https://www.redfin.com/ME/Enfield/77-Old-County-Rd-N-04493/home/85724808,MREIS,1576795,N,Y,45.2304436,-68.6484211
MLS Listing,,Single Family Residential,1185 Route 2,Winn,ME,04495,89000,2,1.0,Winn,1000,43560,1989,16,89,,Active,,,https://www.redfin.com/ME/Winn/1185-Route-2-04495/home/179420114,MREIS,1576787,N,Y,45.4512875,-68.3326305
MLS Listing,,Single Family Residential,277 Webster Ave,Bangor,ME,04401,489900,4,2.5,Bangor,2604,123274,1938,16,188,,Active,,,https://www.redfin.com/ME/Bangor/277-Webster-Ave-04401/home/100083657,MREIS,1576722,N,Y,44.790691,-68.7989942
MLS Listing,,Single Family Residential,64 Ridge Rd,Charleston,ME,04422,299900,3,2.0,Charleston,1872,213444,1989,16,160,,Active,,,https://www.redfin.com/ME/Charleston/64-Ridge-Rd-04422/home/99997637,MREIS,1576784,N,Y,45.0497195,-69.0215484
MLS Listing,,Single Family Residential,179 Town Rd,Lagrange,ME,04453,399900,2,1.0,Lagrange,1800,2570040,2004,16,222,,Active,,,https://www.redfin.com/ME/Lagrange/179-Town-Rd-04453/home/148420630,MREIS,1576774,N,Y,45.1697629,-68.8237047
MLS Listing,,Single Family Residential,672 Stage Rd,Etna,ME,04434,150000,2,1.0,Etna,1080,270072,1945,16,139,,Active,,,https://www.redfin.com/ME/Etna/672-Stage-Rd-04434/home/100121372,MREIS,1576759,N,Y,44.81597,-69.1308552
MLS Listing,,Vacant Land,Lot 25 Pine Tree Rd,Brewer,ME,04412,65000,,,Brewer,,60112,,16,,,Active,,,https://www.redfin.com/ME/Brewer/25-Pinetree-Rd-04412/home/174445701,MREIS,1576741,N,Y,44.7570682,-68.7278623
MLS Listing,,Single Family Residential,360 Main Rd,Charleston,ME,04422,439000,3,2.5,Charleston,2250,348480,1994,17,195,,Active,,,https://www.redfin.com/ME/Charleston/360-Main-Rd-04422/home/99997515,MREIS,1576710,N,Y,45.061391,-69.032455
MLS Listing,,Single Family Residential,20 Veelewja Way,Dexter,ME,04930,255700,3,2.0,Dexter,1595,43560,2007,18,160,,Active,,,https://www.redfin.com/ME/Dexter/20-Veelewja-Way-04930/home/97714880,MREIS,1576702,N,Y,45.0507877,-69.3209669
MLS Listing,,Mobile/Manufactured Home,13 E St,Bangor,ME,04401,82000,3,1.5,Bangor,1192,,1986,18,69,500,Active,,,https://www.redfin.com/ME/Bangor/13-E-St-04401/home/100085544,MREIS,1576276,N,Y,44.849914,-68.7902434
MLS Listing,,Single Family Residential,46 Edwards St,Lincoln,ME,04457,189900,3,1.5,Lincoln,1040,21780,1968,18,183,,Active,,,https://www.redfin.com/ME/Lincoln/46-Edwards-St-04457/home/100332291,MREIS,1576389,N,Y,45.3555312,-68.5051669
MLS Listing,,Multi-Family (2-4 Unit),89 State St,Brewer,ME,04412,309000,5,2.0,Brewer,2528,6969,1900,19,122,,Active,,,https://www.redfin.com/ME/Brewer/89-State-St-04412/home/100042490,MREIS,1576659,N,Y,44.7939882,-68.7594307
MLS Listing,,Single Family Residential,63 Leighton St,Bangor,ME,04401,350000,4,2.0,Bangor,1780,4356,1900,19,197,,Active,,,https://www.redfin.com/ME/Bangor/63-Leighton-St-04401/home/100085788,MREIS,1576618,N,Y,44.8121878,-68.7753038
MLS Listing,,Single Family Residential,112 Treadwell Acres,Hermon,ME,04401,409900,3,2.0,Hermon,1892,50965,2005,19,217,,Active,,,https://www.redfin.com/ME/Hermon/112-Treadwell-Acres-04401/home/97638702,MREIS,1576623,N,Y,44.7856605,-68.9109441
MLS Listing,,Single Family Residential,275 Pea Ridge Rd,Chester,ME,04457,115000,3,1.5,Chester,1040,82764,1973,19,111,,Active,,,https://www.redfin.com/ME/Chester/275-Pea-Ridge-Rd-04457/home/173974222,MREIS,1576611,N,Y,45.4253455,-68.5238033
MLS Listing,,Single Family Residential,1256 Carmel Rd N,Hampden,ME,04444,649900,6,4.5,Hampden,3751,87120,2000,19,173,,Active,,,https://www.redfin.com/ME/Hampden/1256-Carmel-Rd-N-04444/home/100224656,MREIS,1576608,N,Y,44.714922,-68.951683
MLS Listing,,Single Family Residential,623 Meadow Rd,Hampden,ME,04444,454900,4,2.5,Hampden,2629,372002,1987,19,173,,Active,,,https://www.redfin.com/ME/Hampden/623-Meadow-Rd-04444/home/100226731,MREIS,1576615,N,Y,44.7121449,-68.9449793
MLS Listing,,Vacant Land,Lot 9 Osgood Rd,Carroll Plt,ME,04487,25000,,,Carroll Plt,,156816,,19,,,Active,,,https://www.redfin.com/ME/Carroll-Plantation/Lot-9-Osgood-Rd-04487/home/188370196,MREIS,1576566,N,Y,45.4260467,-68.0895707
MLS Listing,,Vacant Land,100 Arno Road Rd,Dexter,ME,04930,54900,,,Dexter,,566280,,19,,,Active,,,https://www.redfin.com/ME/Dexter/100-Arno-Rd-04930/home/97714796,MREIS,1576550,N,Y,45.0578612,-69.325974
MLS Listing,,Single Family Residential,184 Hog Hill Road Rd,Dixmont,ME,04932,320000,3,2.0,Dixmont,1344,300564,2000,19,238,,Active,,,https://www.redfin.com/ME/Dixmont/184-Hog-Hill-Rd-04932/home/100043796,MREIS,1575874,N,Y,44.665139,-69.1109785
MLS Listing,,Single Family Residential,28 & 30 Crogan Rd,Hermon,ME,04401,380900,6,2.5,Hermon,2700,89733,1966,20,141,,Active,,,https://www.redfin.com/ME/Hermon/28-Crogan-Rd-04401/home/97639304,MREIS,1576526,N,Y,44.8522555,-68.8799409
MLS Listing,,Multi-Family (2-4 Unit),5 Park Ave,Newport,ME,04953,399900,5,2.0,Newport,1920,3049,1964,20,208,,Active,,,https://www.redfin.com/ME/Newport/5-Park-Ave-04953/home/99994402,MREIS,1576523,N,Y,44.8355258,-69.2706991
MLS Listing,,Vacant Land,10-1-2 County Rd,Milford,ME,04461,34900,,,Milford,,43560,,20,,,Active,,,https://www.redfin.com/ME/Milford/10-County-Rd-04461/home/188326925,MREIS,1576513,N,Y,44.9420904,-68.6410683
MLS Listing,,Vacant Land,Lot 4&5 Stillwater Ave,Veazie,ME,04401,35000,,,Veazie,,814572,,20,,,Active,,,https://www.redfin.com/ME/Bangor/4-Stillwater-Ave-04401/home/188326922,MREIS,1576514,N,Y,44.8123538,-68.7699124
MLS Listing,,Single Family Residential,72 Exeter Rd,Corinth,ME,04427,290000,3,1.0,Corinth,1030,21780,1950,20,282,,Active,,,https://www.redfin.com/ME/Corinth/72-Exeter-Rd-04427/home/85754698,MREIS,1576497,N,Y,45.0009778,-69.0293346
MLS Listing,,Vacant Land,0 Bogg Rd,Hermon,ME,04401,92000,,,Hermon,,2787840,,20,,,Active,,,https://www.redfin.com/ME/Hermon/0-Bog-Rd-04401/home/188320236,MREIS,1576466,N,Y,44.7646545,-68.9499762
MLS Listing,,Single Family Residential,828 Mullen Rd,Newport,ME,04953,205000,3,2.5,Newport,1321,50093,1994,20,155,,Active,November-26-2023 10:00 AM,November-26-2023 01:00 PM,https://www.redfin.com/ME/Newport/828-Mullen-Rd-04953/home/99994974,MREIS,1576433,N,Y,44.8923366,-69.182622
MLS Listing,,Vacant Land,00 Dunton Cir,Hampden,ME,04444,59900,,,Hampden,,81457,,21,,,Active,,,https://www.redfin.com/ME/Hampden/0-Dunton-Cir-04444/home/188310304,MREIS,1576421,N,Y,44.7559017,-68.8930688
MLS Listing,,Single Family Residential,268 Fuller Rd,Hermon,ME,04401,314500,3,2.0,Hermon,1800,43560,1963,21,175,,Active,,,https://www.redfin.com/ME/Hermon/268-Fuller-Rd-04401/home/97639190,MREIS,1576397,N,Y,44.8239829,-68.8862972
MLS Listing,,Multi-Family (5+ Unit),477 Hammond St #5,Bangor,ME,04401,359000,6,5.0,Bangor,3492,20037,1900,21,103,,Active,,,https://www.redfin.com/ME/Bangor/477-Hammond-St-04401/unit-5/home/188226887,MREIS,1576342,N,Y,44.8004318,-68.7869988
MLS Listing,,Single Family Residential,262 Elm St,Bangor,ME,04401,275000,2,1.0,Bangor,1008,6098,1900,21,273,,Active,,,https://www.redfin.com/ME/Bangor/262-Elm-St-04401/home/100085226,MREIS,1576323,N,Y,44.8155747,-68.7668866
MLS Listing,,Single Family Residential,2 West Broadway,Bangor,ME,04401,499000,5,1.5,Bangor,2822,14810,1887,22,177,,Active,,,https://www.redfin.com/ME/Bangor/2-W-Broadway-04401/home/100087171,MREIS,1576289,N,Y,44.8035285,-68.782791
MLS Listing,,Single Family Residential,282 Hudson Rd,Alton,ME,04468,129900,0,1.0,Alton,1152,370260,,22,113,,Active,,,https://www.redfin.com/ME/Alton/282-Hudson-Rd-04468/home/97671128,MREIS,1576251,N,Y,44.9968356,-68.8090816
MLS Listing,,Single Family Residential,38 Tamarack Dr,Newport,ME,04953,489000,3,2.0,Newport,1400,87120,2004,23,349,,Active,,,https://www.redfin.com/ME/Newport/38-Tamarack-Dr-04953/home/99994960,MREIS,1576230,N,Y,44.8619865,-69.2632577
MLS Listing,,Mobile/Manufactured Home,8 M Street St,Bangor,ME,04401,109900,2,2.0,Bangor,1218,,1987,23,90,481,Active,,,https://www.redfin.com/ME/Bangor/8-M-St-04401/home/100081053,MREIS,1576219,N,Y,44.8453667,-68.7885101
MLS Listing,,Single Family Residential,1069 Route 2,Winn,ME,04495,109000,2,1.0,Winn,600,24393,1960,23,182,,Active,,,https://www.redfin.com/ME/Winn/1069-Route-2-04495/home/110071453,MREIS,1576217,N,Y,45.4882884,-68.3671378
MLS Listing,,Mobile/Manufactured Home,412 Kelley Mobile Home Park,Millinocket,ME,04462,53000,2,1.0,Millinocket,812,,1991,23,65,285,Active,,,https://www.redfin.com/ME/Millinocket/412-Kelley-Mobile-Homes-Park-04462/home/99963584,MREIS,1576198,N,Y,45.669091,-68.7193096
MLS Listing,,Single Family Residential,9 North St,Enfield,ME,04493,59800,2,1.0,Enfield,864,21344,1910,23,69,,Active,,,https://www.redfin.com/ME/Enfield/9-North-St-04493/home/66677561,MREIS,1576185,N,Y,45.2462568,-68.6441284
MLS Listing,,Single Family Residential,178 Hurd Rd,Burlington,ME,04417,229900,2,1.0,Burlington,860,701316,2020,23,267,,Active,,,https://www.redfin.com/ME/Burlington/178-Hurd-Rd-04417/home/188204742,MREIS,1576178,N,Y,45.2012517,-68.4039642
MLS Listing,,Mobile/Manufactured Home,72 Murray Rd,Carmel,ME,04419,265000,3,2.0,Carmel,1344,99316,2023,23,197,,Active,,,https://www.redfin.com/ME/Carmel/72-Murray-Rd-04419/home/188192716,MREIS,1576017,N,Y,44.7616545,-68.9968667
MLS Listing,,Vacant Land,859 Western Ave,Hampden,ME,04444,198000,,,Hampden,,871200,,23,,,Active,,,https://www.redfin.com/ME/Hampden/859-Western-Ave-04444/home/100225187,MREIS,1576162,N,Y,44.7492148,-68.9203637
MLS Listing,,Vacant Land,Lot 3 Grant Rd,Orono,ME,04473,48000,,,Orono,,240015,,24,,,Active,,,https://www.redfin.com/ME/Orono/Lot-3-Grant-Rd-04473/home/167185030,MREIS,1576140,N,Y,44.8953644,-68.715838
MLS Listing,,Single Family Residential,72 16th St,Bangor,ME,04401,305000,3,2.5,Bangor,1708,10890,2005,24,179,,Active,,,https://www.redfin.com/ME/Bangor/72-16th-St-04401/home/100080696,MREIS,1576136,N,Y,44.8095682,-68.7935995
MLS Listing,,Vacant Land,0 Getchell Flt W,Brewer,ME,04412,29500,,,Brewer,,6969,,24,,,Active,,,https://www.redfin.com/ME/Brewer/0-Getchell-St-04412/home/188200980,MREIS,1576126,N,Y,44.7905408,-68.7690254
MLS Listing,,Single Family Residential,Map PE033 Plan 15 Lot 2964,T4 Indian Purchase Twp,ME,04462,375000,1,,T4 Indian Purchase Twp,578,20473,1960,24,649,18,Active,,,https://www.redfin.com/ME/Indian-Purchase-Twp/Map-PE033-Plan-15-Lot-2964-04462/home/188200834,MREIS,1576123,N,Y,45.5954969,-68.8287681
MLS Listing,,Condo/Co-op,63 Fieldstone Dr #4,Bangor,ME,04401,149900,2,1.0,Bangor,814,43560,2003,25,184,170,Active,,,https://www.redfin.com/ME/Bangor/63-Fieldstone-Dr-04401/unit-4/home/100082670,MREIS,1576118,N,Y,44.8252556,-68.7867602
MLS Listing,,Vacant Land,0 Gilman Rd,Bangor,ME,04401,119000,,,Bangor,,420354,,25,,,Active,,,https://www.redfin.com/ME/Bangor/0-Gilman-Rd-04401/home/188198201,MREIS,1576112,N,Y,44.8309956,-68.7529115
MLS Listing,,Single Family Residential,913 Grant Rd,Kenduskeag,ME,04450,389000,3,1.5,Kenduskeag,1616,130680,1965,25,241,,Active,,,https://www.redfin.com/ME/Kenduskeag/913-Grant-Rd-04450/home/166912463,MREIS,1576098,N,Y,44.9389757,-68.9534874
MLS Listing,,Vacant Land,Lot042-041 Gravy Ln,Bradford,ME,04410,204900,,,Bradford,,5898024,,25,,,Active,,,https://www.redfin.com/ME/Bradford/41-Gravy-Ln-04410/home/188197630,MREIS,1576091,N,Y,45.0707794,-68.8869275
MLS Listing,,Single Family Residential,16 Washington St,Lincoln,ME,04457,89900,3,1.0,Lincoln,1400,14810,1928,25,64,,Active,,,https://www.redfin.com/ME/Lincoln/16-Washington-St-04457/home/100332331,MREIS,1576089,N,Y,45.3597525,-68.5100717
MLS Listing,,Single Family Residential,6 Orchard St,East Millinocket,ME,04430,174900,3,1.5,East Millinocket,1585,11761,1969,26,110,,Active,,,https://www.redfin.com/ME/East-Millinocket/6-Orchard-St-04430/home/99974766,MREIS,1576083,N,Y,45.6304773,-68.5648559
MLS Listing,,Vacant Land,Lot 5 Grant Rd,Orono,ME,04473,52000,,,Orono,,122839,,26,,,Active,,,https://www.redfin.com/ME/Orono/5-Grant-Rd-04473/home/172097181,MREIS,1576059,N,Y,44.8927806,-68.7150389
MLS Listing,,Mobile/Manufactured Home,1343 Ohio St #16,Bangor,ME,04401,64950,2,2.0,Bangor,1064,,2017,26,61,450,Active,,,https://www.redfin.com/ME/Bangor/1343-Ohio-St-04401/unit-16/home/188194628,MREIS,1576060,N,Y,44.8337324,-68.8186433
MLS Listing,,Vacant Land,0 Bennoch Rd,Alton,ME,04468,19000,,,Alton,,361548,,26,,,Active,,,https://www.redfin.com/ME/Old-Town/0-Bennoch-Rd-04468/home/188193858,MREIS,1576038,N,Y,44.9859864,-68.6946734
MLS Listing,,Single Family Residential,83 Summer St,Hampden,ME,04444,799900,2,2.5,Hampden,1850,28314,1935,26,432,,Active,,,https://www.redfin.com/ME/Hampden/83-Summer-St-04444/home/100226833,MREIS,1576006,N,Y,44.7330307,-68.835437
MLS Listing,,Single Family Residential,27 Highland Ave,Lincoln,ME,04457,172900,3,1.0,Lincoln,950,9147,1950,26,182,,Active,,,https://www.redfin.com/ME/Lincoln/27-Highland-Ave-04457/home/100331545,MREIS,1575981,N,Y,45.3713162,-68.4981139
MLS Listing,,Single Family Residential,92 Shaw Hill Rd,Hampden,ME,04444,419000,3,2.0,Hampden,2267,108900,1935,26,185,,Active,,,https://www.redfin.com/ME/Hampden/92-Shaw-Hill-Rd-04444/home/100226269,MREIS,1575910,N,Y,44.7541306,-68.9318095
MLS Listing,,Single Family Residential,588 Kennebec Rd,Hampden,ME,04444,389000,4,2.0,Hampden,2280,174240,1800,27,171,,Active,,,https://www.redfin.com/ME/Hampden/588-Kennebec-Rd-04444/home/100225394,MREIS,1575944,N,Y,44.7179318,-68.8898048
MLS Listing,,Single Family Residential,31 Hopkins Pond Rd,Clifton,ME,04428,445000,3,2.0,Clifton,3456,87120,2021,27,129,,Active,,,https://www.redfin.com/ME/Clifton/31-Hopkins-Pond-Rd-04428/home/183036131,MREIS,1573894,N,Y,44.7796151,-68.4784013
MLS Listing,,Single Family Residential,97 S Levant Rd,Levant,ME,04456,449900,3,1.5,Levant,1988,710028,1950,27,226,,Active,,,https://www.redfin.com/ME/Levant/97-S-Levant-Rd-04456/home/69373124,MREIS,1575907,N,Y,44.8599937,-68.9983257
MLS Listing,,Vacant Land,2 Off West Indian Rd,Woodville,ME,04457,59000,,,Woodville,,2178000,,27,,,Active,,,https://www.redfin.com/ME/Woodville/2-Off-West-Indian-RD-Unknown/home/188183512,MREIS,1575904,N,Y,45.5014105,-68.4427962
MLS Listing,,Single Family Residential,80 Beech Grove Rd,Corinth,ME,04427,249000,5,2.0,Corinth,1848,863794,1999,27,135,,Active,,,https://www.redfin.com/ME/Corinth/80-Beech-Grove-Rd-04427/home/112867153,MREIS,1575902,N,Y,44.9647405,-68.9772063
MLS Listing,,Single Family Residential,169 Woodland Dr,Carmel,ME,04419,69900,0,1.0,Carmel,540,313632,1999,27,129,,Active,,,https://www.redfin.com/ME/Carmel/169-Woodland-Dr-04419/home/188181182,MREIS,1575881,N,Y,44.7714811,-69.0728915
MLS Listing,,Vacant Land,1 Off West Indian Rd,Woodville,ME,04457,96900,,,Woodville,,4225320,,28,,,Active,,,https://www.redfin.com/ME/Woodville/1-Off-West-Indian-RD-Unknown/home/188177342,MREIS,1575835,N,Y,45.5014105,-68.4427962
MLS Listing,,Mobile/Manufactured Home,31 Mudgett Rd,Kenduskeag,ME,04450,155000,3,1.5,Kenduskeag,1064,1006236,1980,28,146,,Active,,,https://www.redfin.com/ME/Kenduskeag/31-Mudgett-Rd-04450/home/166912474,MREIS,1575831,N,Y,44.9210862,-68.9493338
MLS Listing,,Single Family Residential,378 Hudson Rd,Alton,ME,04468,225000,3,1.5,Alton,1508,53578,1976,28,149,,Active,,,https://www.redfin.com/ME/Alton/378-Hudson-Rd-04468/home/97670832,MREIS,1575821,N,Y,45.0012611,-68.8150561
MLS Listing,,Vacant Land,Lot #40-1 Map #1 Rd,Ripley,ME,04930,89900,,,Ripley,,1977624,,28,,,Active,,,https://www.redfin.com/ME/Dexter/Lot-40-1-Map-1-RD-04930/home/188137081,MREIS,1575473,N,Y,45.0479575,-69.2848178
MLS Listing,,Single Family Residential,1922 Pushaw Rd,Glenburn,ME,04401,215000,2,1.0,Glenburn,760,30056,1972,28,283,,Active,,,https://www.redfin.com/ME/Glenburn/1922-Pushaw-Rd-04401/home/100175071,MREIS,1575796,N,Y,44.939352,-68.842366
MLS Listing,,Single Family Residential,326 Forest Ave,Bangor,ME,04401,370000,3,2.5,Bangor,1800,6969,2023,28,206,,Active,,,https://www.redfin.com/ME/Bangor/326-Forest-Ave-04401/home/100087462,MREIS,1575785,N,Y,44.8164152,-68.7659845
MLS Listing,,Single Family Residential,4990 Bennoch Rd,Lagrange,ME,04453,150000,2,1.0,Lagrange,1100,163350,1964,28,136,,Active,,,https://www.redfin.com/ME/Lagrange/4990-Bennoch-Rd-04453/home/66670319,MREIS,1575769,N,Y,45.1167042,-68.8153716
MLS Listing,,Single Family Residential,80 W Broadway,Bangor,ME,04401,449000,3,3.0,Bangor,2919,8712,1960,28,154,,Active,,,https://www.redfin.com/ME/Bangor/80-W-Broadway-04401/home/100080524,MREIS,1575538,N,Y,44.8008928,-68.785469
MLS Listing,,Single Family Residential,13 Libby St,Medway,ME,04460,85000,2,1.0,Medway,768,42688,2012,29,111,,Active,,,https://www.redfin.com/ME/Medway/13-Libby-St-04460/home/100065616,MREIS,1575763,N,Y,45.5992682,-68.5295976
MLS Listing,,Single Family Residential,38 Atkinson Rd,Charleston,ME,04422,475000,4,2.0,Charleston,3500,1306800,,29,136,,Active,,,https://www.redfin.com/ME/Charleston/38-Atkinson-Rd-04422/home/99997336,MREIS,1575762,N,Y,45.0879905,-69.0412173
MLS Listing,,Vacant Land,M:6 L:34 Station Rd,Bradford,ME,04110,85000,,,Bradford,,3493512,,29,,,Active,,,https://www.redfin.com/ME/Bradford/34-Station-Rd-04410/home/188166611,MREIS,1575759,N,Y,45.0732602,-68.8918016
MLS Listing,,Multi-Family (2-4 Unit),16 Kossuth St,Bangor,ME,04401,200000,4,2.0,Bangor,1752,4791,1900,29,114,,Active,,,https://www.redfin.com/ME/Bangor/16-Kossuth-St-04401/home/100083826,MREIS,1575745,N,Y,44.8102483,-68.7844808
MLS Listing,,Multi-Family (2-4 Unit),116 Front St,Old Town,ME,04468,125000,3,2.0,Old Town,1296,8712,1926,29,96,,Active,,,https://www.redfin.com/ME/Old-Town/116-Front-St-04468/home/100240559,MREIS,1575748,N,Y,44.932887,-68.641056
MLS Listing,,Single Family Residential,106 Parker St,Bangor,ME,04401,200000,3,2.0,Bangor,1164,6098,1900,29,172,,Active,,,https://www.redfin.com/ME/Bangor/106-Parker-St-04401/home/100085956,MREIS,1575732,N,Y,44.7963396,-68.7813193
MLS Listing,,Single Family Residential,83 Jefferson St,Old Town,ME,04468,274900,4,2.0,Old Town,2800,58370,1940,29,98,,Active,,,https://www.redfin.com/ME/Old-Town/83-Jefferson-St-04468/home/100240575,MREIS,1575725,N,Y,44.9294864,-68.6567089
MLS Listing,,Mobile/Manufactured Home,203 Main St,Bradley,ME,04411,47000,3,1.0,Bradley,720,9583,1973,29,65,,Active,,,https://www.redfin.com/ME/Bradley/203-Main-St-04411/home/99949174,MREIS,1575730,N,Y,44.911194,-68.6327537
MLS Listing,,Single Family Residential,69 Elm St,Newport,ME,04953,155000,4,2.0,Newport,1632,4791,1900,29,95,,Active,,,https://www.redfin.com/ME/Newport/69-Elm-St-04953/home/87566068,MREIS,1575728,N,Y,44.8356126,-69.2713574
MLS Listing,,Multi-Family (2-4 Unit),178 Ohio St,Bangor,ME,04401,205000,4,2.0,Bangor,1648,8712,1900,29,124,,Active,,,https://www.redfin.com/ME/Bangor/178-Ohio-St-04401/home/100088078,MREIS,1575707,N,Y,44.8058245,-68.780559
MLS Listing,,Multi-Family (2-4 Unit),252 Forest Ave,Bangor,ME,04401,339000,5,3.5,Bangor,2100,9583,1880,30,161,,Active,,,https://www.redfin.com/ME/Bangor/252-Forest-Ave-04401/home/100080741,MREIS,1575650,N,Y,44.8137338,-68.7652591
MLS Listing,,Single Family Residential,1016 Grindstone Rd,Stacyville,ME,04777,150000,1,,Stacyville,336,37026,2010,30,446,,Active,,,https://www.redfin.com/ME/Stacyville/1016-Grindstone-Rd-04777/home/188157611,MREIS,1575613,N,Y,45.8609572,-68.4991368
MLS Listing,,Vacant Land,0 Sheepskin Rd,Carroll Plt,ME,04487,79900,,,Carroll Plt,,2700720,,30,,,Active,,,https://www.redfin.com/ME/Carroll-Plantation/Sheepskin-Rd-04487/home/188156099,MREIS,1575604,N,Y,45.4190459,-68.0605529
MLS Listing,,Vacant Land,Lot 72-B W West Old Town Rd,Old Town,ME,04468,35000,,,Old Town,,50093,,30,,,Active,,,https://www.redfin.com/ME/Old-Town/Lot-72-B-W-Old-Town-Rd-04468/home/188154297,MREIS,1575596,N,Y,44.9810999,-68.7418923
MLS Listing,,Single Family Residential,6 moulton Ln,Alton,ME,04468,67000,2,1.0,Alton,1200,139392,1982,30,56,,Active,,,https://www.redfin.com/ME/Alton/6-Moulton-Ln-04468/home/188150444,MREIS,1575561,N,Y,45.0987888,-68.7969653
MLS Listing,,Vacant Land,Map 8 Lot 32-4 Patten Rd,Garland,ME,04939,24500,,,Garland,,161172,,30,,,Active,,,https://www.redfin.com/ME/Garland/32-Patten-Rd-04939/home/188150281,MREIS,1575556,N,Y,45.0606833,-69.1649249
MLS Listing,,Single Family Residential,797 Simpson Corner Road Rd,Dixmont,ME,04932,380000,2,1.5,Dixmont,1024,226512,2018,31,371,,Active,,,https://www.redfin.com/ME/Dixmont/797-Simpson-Corner-Rd-04932/home/170160411,MREIS,1575547,N,Y,44.7349807,-69.1048903
MLS Listing,,Single Family Residential,116 Sunny Hollow Pl,Bangor,ME,04401,370000,3,2.0,Bangor,2194,10018,1995,32,169,,Active,,,https://www.redfin.com/ME/Bangor/116-Sunny-Hollow-Pl-04401/home/100085378,MREIS,1575371,N,Y,44.8308228,-68.8250109
MLS Listing,,Single Family Residential,133 Canaan Rd,Hampden,ME,04444,439000,3,2.0,Hampden,1680,222155,1997,33,261,,Active,,,https://www.redfin.com/ME/Hampden/133-Canaan-Rd-04444/home/100226555,MREIS,1575480,N,Y,44.7412998,-68.9144793
MLS Listing,,Multi-Family (2-4 Unit),28 Katahdin Ave,Millinocket,ME,04462,135000,4,3.0,Millinocket,1825,4356,1930,33,74,,Active,,,https://www.redfin.com/ME/Millinocket/28-Katahdin-Ave-04462/home/99964984,MREIS,1575463,N,Y,45.6512921,-68.7084492
MLS Listing,,Condo/Co-op,22 Orchard Hills Pkwy #22,Bangor,ME,04401,248000,3,1.5,Bangor,1300,,1985,33,191,249,Active,,,https://www.redfin.com/ME/Bangor/22-Orchard-Hills-Pkwy-04401/unit-22/home/188136169,MREIS,1575447,N,Y,44.8318781,-68.7869568
MLS Listing,,Condo/Co-op,78 River Village Dr #78,Milford,ME,04461,220000,2,1.5,Milford,1000,513572,2010,33,220,135,Active,,,https://www.redfin.com/ME/Milford/78-River-Village-Dr-04461/unit-78/home/188136168,MREIS,1575445,N,Y,44.931655,-68.635971
MLS Listing,,Single Family Residential,95 Lincoln St,Dexter,ME,04930,115000,2,1.0,Dexter,947,1742,1930,33,121,,Active,,,https://www.redfin.com/ME/Dexter/95-Lincoln-St-04930/home/97714280,MREIS,1575408,N,Y,45.0166514,-69.2924598
MLS Listing,,Single Family Residential,4560 Bennoch Rd,Alton,ME,04468,219000,1,1.0,Alton,1024,1851300,1950,34,214,,Active,,,https://www.redfin.com/ME/Alton/4560-Bennoch-Rd-04468/home/97671155,MREIS,1575362,N,Y,45.0924156,-68.7914469
MLS Listing,,Single Family Residential,61 Old County Rd N,Enfield,ME,04493,109900,4,2.0,Enfield,1820,69696,1900,34,60,,Active,,,https://www.redfin.com/ME/Enfield/61-Old-County-Rd-N-04493/home/85724812,MREIS,1575360,N,Y,45.2293135,-68.6480647
MLS Listing,,Single Family Residential,6 Elliott Cir,Glenburn,ME,04401,499000,3,2.5,Glenburn,4000,70131,2003,34,125,,Active,,,https://www.redfin.com/ME/Glenburn/6-Elliott-Cir-04401/home/100175437,MREIS,1575349,N,Y,44.8880242,-68.8663097
MLS Listing,,Single Family Residential,1206 Bennoch Rd,Old Town,ME,04468,369900,3,2.5,Old Town,1824,18730,2018,34,203,,Active,,,https://www.redfin.com/ME/Old-Town/1206-Bennoch-Rd-04468/home/66699657,MREIS,1575299,N,Y,44.9389378,-68.6967832
MLS Listing,,Single Family Residential,17 Brian Dr,Brewer,ME,04412,409900,3,2.0,Brewer,2167,47916,1981,34,189,,Active,,,https://www.redfin.com/ME/Brewer/17-Brian-Dr-04412/home/100042035,MREIS,1575282,N,Y,44.7805894,-68.7040207
MLS Listing,,Multi-Family (2-4 Unit),34 Winter St,Bangor,ME,04401,325000,4,3.0,Bangor,2200,5227,1900,35,148,,Active,,,https://www.redfin.com/ME/Bangor/34-Winter-St-04401/home/100084302,MREIS,1575224,N,Y,44.8097949,-68.7820916
MLS Listing,,Single Family Residential,144 South Patten,Patten,ME,04765,489000,5,4.0,Patten,2942,62290,1925,35,166,,Active,,,https://www.redfin.com/ME/Patten/144-S-Patten-Rd-04765/home/146423292,MREIS,1575226,N,Y,45.9854795,-68.4493724
MLS Listing,,Single Family Residential,37 Loon Dr,Newport,ME,04953,1100000,3,2.0,Newport,2186,740520,2003,35,503,,Active,,,https://www.redfin.com/ME/Newport/37-Loon-Dr-04953/home/99993250,MREIS,1575171,N,Y,44.8872045,-69.2627046
MLS Listing,,Single Family Residential,17 Cherry St,Millinocket,ME,04462,175000,4,3.0,Millinocket,2198,4791,1930,35,80,,Active,,,https://www.redfin.com/ME/Millinocket/17-Cherry-St-04462/home/99964013,MREIS,1575157,N,Y,45.6517002,-68.7065791
MLS Listing,,Vacant Land,Lot #47 Blackstream Rd,Hermon,ME,04401,115000,,,Hermon,,398138,,36,,,Active,,,https://www.redfin.com/ME/Hermon/Lot-47-Blackstream-Rd-04401/home/188099580,MREIS,1575152,N,Y,44.8187323,-68.9593992
MLS Listing,,Multi-Family (2-4 Unit),689 Main St,Bangor,ME,04401,215000,4,2.0,Bangor,2160,8276,1900,36,100,,Active,,,https://www.redfin.com/ME/Bangor/689-Main-St-04401/home/100080253,MREIS,1562256,N,Y,44.7831199,-68.7811241
MLS Listing,,Vacant Land,Lot# 53-A Grant Rd Rd,Corinth,ME,04427,59000,,,Corinth,,283140,,37,,,Active,,,https://www.redfin.com/ME/Corinth/53-Grant-Rd-04427/home/188090441,MREIS,1575024,N,Y,44.9656679,-68.9981279
MLS Listing,,Vacant Land,557 Hudson Rd,Corinth,ME,04427,37000,,,Corinth,,99316,,37,,,Active,,,https://www.redfin.com/ME/Corinth/557-Hudson-Rd-04427/home/85753190,MREIS,1574983,N,Y,45.014286,-68.9759751
MLS Listing,,Single Family Residential,1537 Poplar St,T4 Indian Purchase Twp,ME,04462,375000,4,2.0,T4 Indian Purchase Twp,1608,31363,1987,38,233,,Active,,,https://www.redfin.com/ME/T4-Indian-Purchase-Twp/1537-Poplar-ST-04462/home/188080619,MREIS,1574923,N,Y,45.5954969,-68.8287681
MLS Listing,,Multi-Family (2-4 Unit),77 Main St,Dexter,ME,04930,349000,7,4.0,Dexter,3436,32670,1900,38,102,,Active,,,https://www.redfin.com/ME/Dexter/77-Main-St-04930/home/97714339,MREIS,1574919,N,Y,45.014703,-69.2980025
MLS Listing,,Single Family Residential,57 Gettysburg Ave,Brewer,ME,04412,374000,5,3.0,Brewer,2100,8712,2003,38,178,,Active,,,https://www.redfin.com/ME/Brewer/57-Gettysburg-Ave-04412/home/100042484,MREIS,1574899,N,Y,44.8080972,-68.7337352
MLS Listing,,Single Family Residential,40 Spruce St,East Millinocket,ME,04430,179900,5,1.5,East Millinocket,1919,7840,1940,39,94,,Active,,,https://www.redfin.com/ME/East-Millinocket/40-Spruce-St-04430/home/99975242,MREIS,1574891,N,Y,45.6294328,-68.570129
MLS Listing,,Single Family Residential,126 Back Settlement Rd,Mattawamkeag,ME,04459,129900,3,1.0,Mattawamkeag,1568,740520,1975,39,83,,Active,,,https://www.redfin.com/ME/Mattawamkeag/126-Back-Settlement-Rd-04459/home/97634384,MREIS,1574887,N,Y,45.5382557,-68.319458
MLS Listing,,Vacant Land,Lot 9 Graystone Dr,Hampden,ME,04444,61500,,,Hampden,,87555,,39,,,Active,,,https://www.redfin.com/ME/Hampden/9-Graystone-Dr-04444/home/143986367,MREIS,1574868,N,Y,44.7150912,-68.9380011
MLS Listing,,Single Family Residential,37 Beaver Creek Rd,Carmel,ME,04419,435000,3,2.0,Carmel,1989,95832,2023,40,219,,Active,,,https://www.redfin.com/ME/Carmel/37-Beaver-Creek-Rd-04419/home/188058211,MREIS,1574858,N,Y,44.8332011,-69.0026415
MLS Listing,,Single Family Residential,399 Rutland Rd,Newport,ME,04953,349900,3,1.0,Newport,1302,378536,1900,40,269,,Active,,,https://www.redfin.com/ME/Newport/399-Rutland-Rd-04953/home/99994294,MREIS,1574853,N,Y,44.8803802,-69.2010005
MLS Listing,,Single Family Residential,"Map PE013 Lot 28, 28.1, 29",Grindstone Twp,ME,04460,89900,2,1.0,Grindstone Twp,672,614196,,40,134,,Active,,,https://www.redfin.com/ME/Grindstone/Map-PE013-Lot-28-28-1-29-04460/home/188045802,MREIS,1574849,N,Y,45.7361621,-68.5866987
MLS Listing,,Single Family Residential,576 Main St,Bradley,ME,04411,99000,2,2.0,Bradley,875,30491,1900,40,113,,Active,,,https://www.redfin.com/ME/Bradley/576-Main-St-04411/home/99949529,MREIS,1574826,N,Y,44.8884074,-68.6482063
MLS Listing,,Single Family Residential,30 Main Rd. South Hwy,Hampden,ME,04444,239000,4,1.0,Hampden,1440,65340,1940,40,166,,Active,,,https://www.redfin.com/ME/Hampden/30-Main-Rd-S-04444/home/100224999,MREIS,1574787,N,Y,44.7375584,-68.8401767
MLS Listing,,Multi-Family (2-4 Unit),54-56 & 58 Third St,Bangor,ME,04401,799000,7,3.5,Bangor,3660,7840,1920,41,218,,Active,,,https://www.redfin.com/ME/Bangor/58-3rd-St-04401/home/100080252,MREIS,1574741,N,Y,44.7987199,-68.7778918
MLS Listing,,Single Family Residential,Lot 45 Dunton Cir,Hampden,ME,04444,549000,3,2.5,Hampden,2064,57499,2024,41,266,,Active,,,https://www.redfin.com/ME/Hampden/45-Dunton-Cir-04444/home/179473626,MREIS,1574717,N,Y,44.7577025,-68.893174
MLS Listing,,Single Family Residential,Lot 55 Constitution Ave,Hampden,ME,04444,479000,4,2.5,Hampden,2006,22651,2024,41,239,,Active,,,https://www.redfin.com/ME/Hampden/55-Constitution-Ave-04444/home/176340721,MREIS,1574713,N,Y,44.7420691,-68.8531528
MLS Listing,,Single Family Residential,6 Conners Ave,Hermon,ME,04401,449000,3,2.5,Hermon,1961,57499,2024,41,229,,Active,,,https://www.redfin.com/ME/Hermon/6-Hermon-Hts-04401/home/187983001,MREIS,1574711,N,Y,44.804169,-68.9440019
MLS Listing,,Single Family Residential,2588 Bennoch Rd,Old Town,ME,04468,350000,2,1.0,Old Town,1282,1263240,1900,41,273,,Active,,,https://www.redfin.com/ME/Old-Town/2588-Bennoch-Rd-04468/home/100240957,MREIS,1574709,N,Y,44.9835951,-68.6939705
MLS Listing,,Mobile/Manufactured Home,9 L St,Bangor,ME,04401,109000,2,1.0,Bangor,1332,,2007,41,82,480,Active,,,https://www.redfin.com/ME/Bangor/9-L-St-04401/home/100086697,MREIS,1574645,N,Y,44.8460803,-68.7883722
MLS Listing,,Single Family Residential,131 Fowlers Landing Rd,Hampden,ME,04444,250000,2,1.5,Hampden,1465,11761,1950,41,171,10,Active,,,https://www.redfin.com/ME/Hampden/131-Fowlers-Landing-Rd-04444/home/100226234,MREIS,1574641,N,Y,44.7774857,-68.9341492
MLS Listing,,Single Family Residential,19 Elm St,Dexter,ME,04930,95900,2,1.0,Dexter,808,5227,1960,41,119,,Active,,,https://www.redfin.com/ME/Dexter/19-Elm-St-04930/home/97715773,MREIS,1574611,N,Y,45.0263488,-69.2828082
MLS Listing,,Vacant Land,Lot 3 & 4 Cottage Shores Dr,Holden,ME,04429,185000,,,Holden,,218671,,42,,33,Active,,,https://www.redfin.com/ME/Holden/3-Cottage-Shore-Dr-04429/home/187972895,MREIS,1574605,N,Y,44.7088921,-68.7177496
MLS Listing,,Single Family Residential,5 Eastern Ave,East Millinocket,ME,04430,89900,5,1.0,East Millinocket,1211,7840,1930,42,74,,Active,,,https://www.redfin.com/ME/East-Millinocket/5-Eastern-Ave-04430/home/99974848,MREIS,1574602,N,Y,45.6249587,-68.5690169
MLS Listing,,Single Family Residential,Lot 12 Conners Ave,Hermon,ME,04401,429000,3,2.0,Hermon,1344,44866,2024,42,319,,Active,,,https://www.redfin.com/ME/Hermon/Lot-12-Conners-AVE-Unknown/home/182366346,MREIS,1574580,N,Y,44.81007,-68.9133724
MLS Listing,,Single Family Residential,Lot 13 Bayberry Ridge Ests,Hermon,ME,04401,419000,3,,Hermon,1344,79714,2024,42,312,,Active,,,https://www.redfin.com/ME/Hermon/13-Bayberry-Ln-04401/home/170217533,MREIS,1574558,N,Y,44.784099,-68.9127559
MLS Listing,,Single Family Residential,548 South Rd,Holden,ME,04429,669900,3,2.5,Holden,4248,547984,2002,42,158,,Active,,,https://www.redfin.com/ME/Holden/548-South-Rd-04429/home/85800155,MREIS,1574563,N,Y,44.715772,-68.660946
MLS Listing,,Single Family Residential,Lot 14 Bayberry Ridge Est,Hermon,ME,04401,389000,3,2.0,Hermon,1826,75794,2024,42,213,,Active,,,https://www.redfin.com/ME/Hermon/14-Bayberry-Ln-04401/home/170217559,MREIS,1574559,N,Y,44.784119,-68.9128199
MLS Listing,,Single Family Residential,91 Lapoint Rd,Stetson,ME,04488,165000,1,1.0,Stetson,1080,243064,2009,42,153,,Active,,,https://www.redfin.com/ME/Stetson/91-Lapoint-Rd-04488/home/85716821,MREIS,1574537,N,Y,44.8734332,-69.0983073
MLS Listing,,Multi-Family (2-4 Unit),119 Main Rd S,Hampden,ME,04444,599900,4,2.0,Hampden,3116,102366,1935,42,193,,Active,,,https://www.redfin.com/ME/Hampden/119-Main-Rd-S-04444/home/100226278,MREIS,1574529,N,Y,44.7307568,-68.8420165
MLS Listing,,Vacant Land,15C Bean Ests,Bangor,ME,04401,55000,,,Bangor,,47480,,43,,,Active,,,https://www.redfin.com/ME/Bangor/15-C-St-04401/home/100086614,MREIS,1574449,N,Y,44.8483906,-68.7891289
MLS Listing,,Single Family Residential,88 Pine St,Millinocket,ME,04462,179900,8,3.0,Millinocket,2925,4356,1910,43,62,,Active,,,https://www.redfin.com/ME/Millinocket/88-Pine-St-04462/home/102155408,MREIS,1574435,N,Y,45.6543928,-68.7100406
MLS Listing,,Single Family Residential,330 Kenduskeag Ave,Bangor,ME,04444,471500,4,2.5,Bangor,2232,127630,1890,43,211,,Active,,,https://www.redfin.com/ME/Bangor/330-Kenduskeag-Ave-04401/home/100084099,MREIS,1574436,N,Y,44.8157854,-68.7834387
MLS Listing,,Single Family Residential,Lot 1 Madison Dr,Levant,ME,04456,389000,3,2.0,Levant,1826,87991,2024,43,213,,Active,,,https://www.redfin.com/ME/Levant/1-Madison-Dr-04456/home/187920162,MREIS,1574419,N,Y,44.8588461,-68.9488766
MLS Listing,,Single Family Residential,155 Copeland Hill Rd,Holden,ME,04429,379000,3,2.0,Holden,1880,32670,2024,43,202,,Active,,,https://www.redfin.com/ME/Holden/155-Copeland-Hill-Rd-04429/home/67450172,MREIS,1574418,N,Y,44.7524331,-68.6969978
MLS Listing,,Vacant Land,Lot 24A Rutland Rd,Newport,ME,04953,29900,,,Newport,,65340,,44,,,Active,,,https://www.redfin.com/ME/Newport/24-Rutland-Rd-04953/home/187890175,MREIS,1574329,N,Y,44.8612597,-69.2078001
MLS Listing,,Vacant Land,165 Hornbeam Way,Bangor,ME,04401,62000,,,Bangor,,99752,,44,,,Active,,,https://www.redfin.com/ME/Bangor/165-Hornbeam-Way-04401/home/100086897,MREIS,1574330,N,Y,44.8659869,-68.847469
MLS Listing,,Vacant Land,25 Moonbeam Way,Bangor,ME,04401,62000,,,Bangor,,122403,,44,,,Active,,,https://www.redfin.com/ME/Bangor/25-Moonbeam-Way-04401/home/100087200,MREIS,1574334,N,Y,44.865496,-68.84896
MLS Listing,,Vacant Land,175 Hornbeam Way,Bangor,ME,04401,62000,,,Bangor,,114562,,44,,,Active,,,https://www.redfin.com/ME/Bangor/175-Hornbeam-Way-04401/home/100087508,MREIS,1574333,N,Y,44.865644,-68.848249
MLS Listing,,Vacant Land,45 Moonbeam Way,Bangor,ME,04401,62000,,,Bangor,,116740,,44,,,Active,,,https://www.redfin.com/ME/Bangor/45-Moonbeam-Way-04401/home/100088972,MREIS,1574336,N,Y,44.865747,-68.849802
MLS Listing,,Vacant Land,15 Hornbeam Way,Bangor,ME,04401,62000,,,Bangor,,132422,,44,,,Active,,,https://www.redfin.com/ME/Bangor/15-Hornbeam-Way-04401/home/100087936,MREIS,1574320,N,Y,44.866682,-68.844708
MLS Listing,,Vacant Land,80 Hornbeam Way,Bangor,ME,04401,62000,,,Bangor,,87555,,44,,,Active,,,https://www.redfin.com/ME/Bangor/80-Hornbeam-Way-04401/home/100086756,MREIS,1574326,N,Y,44.864296,-68.843709
MLS Listing,,Vacant Land,TBD Hornbeam Way,Bangor,ME,04401,62000,,,Bangor,,89733,,44,,,Active,,,https://www.redfin.com/ME/Bangor/TBD-Hornbeam-Way-04401/home/187888636,MREIS,1574319,N,Y,44.8645156,-68.8455104
MLS Listing,,Vacant Land,100 Hornbeam Way,Bangor,ME,04401,62000,,,Bangor,,91040,,44,,,Active,,,https://www.redfin.com/ME/Bangor/100-Hornbeam-Way-04401/home/100088685,MREIS,1574328,N,Y,44.864009,-68.844996
MLS Listing,,Vacant Land,30 Hornbeam Way,Bangor,ME,04401,62000,,,Bangor,,120661,,44,,,Active,,,https://www.redfin.com/ME/Bangor/30-Hornbeam-Way-04401/home/100087488,MREIS,1574324,N,Y,44.865467,-68.842618
MLS Listing,,Vacant Land,145 Hornbeam Way,Bangor,ME,04401,62000,,,Bangor,,119790,,44,,,Active,,,https://www.redfin.com/ME/Bangor/145-Hornbeam-Way-04401/home/100089218,MREIS,1574327,N,Y,44.866068,-68.84652
MLS Listing,,Vacant Land,25 Hornbeam Way,Bangor,ME,04401,62000,,,Bangor,,123274,,44,,,Active,,,https://www.redfin.com/ME/Bangor/25-Hornbeam-Way-04401/home/100087564,MREIS,1574325,N,Y,44.865941,-68.844528
MLS Listing,,Single Family Residential,324 Station Rd,Bradford,ME,04410,90000,0,,Bradford,,87120,2023,44,,,Active,,,https://www.redfin.com/ME/Bradford/324-Station-Rd-04410/home/97685142,MREIS,1574303,N,Y,45.0762799,-68.864807
MLS Listing,,Vacant Land,Lot #2 Dole Hill Rd,Holden,ME,04429,90000,,,Holden,,124146,,45,,,Active,,,https://www.redfin.com/ME/Holden/Lot-2-Dole-Hill-Rd-04429/home/187870825,MREIS,1574286,N,Y,44.7457691,-68.6613426
MLS Listing,,Vacant Land,684 Lower Detroit Rd,Plymouth,ME,04969,60000,,,Plymouth,,511830,,45,,,Active,,,https://www.redfin.com/ME/Plymouth/684-Lower-Detroit-Rd-04969/home/100239056,MREIS,1574285,N,Y,44.7688162,-69.2354907
MLS Listing,,Vacant Land,Map 3.38 Oak Hill Rd,Orrington,ME,04474,125000,,,Orrington,,322344,,45,,,Active,,,https://www.redfin.com/ME/Orrington/Map-3-38-Oak-Hill-Rd-04474/home/187299057,MREIS,1570630,N,Y,44.7134834,-68.7837588
MLS Listing,,Single Family Residential,1624 Union St,Bangor,ME,04401,220000,2,1.0,Bangor,900,65340,1900,46,244,,Active,,,https://www.redfin.com/ME/Bangor/1624-Union-St-04401/home/187858517,MREIS,1574244,N,Y,44.8273161,-68.8321622
MLS Listing,,Vacant Land,2.75 Acre Oak Hill Rd Map 3 Lot 38,Orrington,ME,04474,60000,,,Orrington,,119790,,46,,,Active,,,https://www.redfin.com/ME/Orrington/2-75-Acre-Oak-Hill-Rd-Map-3-Lot-38-04474/home/187255532,MREIS,1570635,N,Y,44.7202096,-68.7904626
MLS Listing,,Single Family Residential,51 Grove St,Bangor,ME,04401,514900,5,4.0,Bangor,3714,11325,1853,46,139,,Active,,,https://www.redfin.com/ME/Bangor/51-Grove-St-04401/home/100085422,MREIS,1574238,N,Y,44.8060852,-68.7648925
MLS Listing,,Single Family Residential,16 Plymouth Rd,Carmel,ME,04419,197000,3,1.0,Carmel,1729,13503,1910,47,114,,Active,,,https://www.redfin.com/ME/Carmel/16-Plymouth-Rd-04419/home/100096977,MREIS,1574203,N,Y,44.7965962,-69.0524179
MLS Listing,,Single Family Residential,231 Brunswick St,Old Town,ME,04468,265000,5,1.0,Old Town,2002,6969,1900,47,132,,Active,,,https://www.redfin.com/ME/Old-Town/231-Brunswick-St-04468/home/100241319,MREIS,1574199,N,Y,44.9327835,-68.6473345
MLS Listing,,Single Family Residential,133 West Old Main Rd,Lowell,ME,04493,139222,3,1.5,Lowell,1316,141570,1995,47,106,,Active,,,https://www.redfin.com/ME/Lowell/133-W-Old-Main-Rd-04493/home/102160774,MREIS,1574190,N,Y,45.210755,-68.4780348
MLS Listing,,Single Family Residential,32 Drew Ln,Newport,ME,04953,550000,3,3.5,Newport,3442,107593,2006,47,160,,Active,,,https://www.redfin.com/ME/Newport/32-Drew-Ln-04953/home/99994360,MREIS,1574165,N,Y,44.832515,-69.220412
MLS Listing,,Mobile/Manufactured Home,1045 Dover Road Rd,Garland,ME,04939,115000,2,1.0,Garland,840,43560,1987,47,137,,Active,,,https://www.redfin.com/ME/Garland/1045-Dover-Rd-04939/home/101854555,MREIS,1574152,N,Y,45.083032,-69.228029
MLS Listing,,Vacant Land,212 Winn Rd,Lee,ME,04455,75000,,,Lee,,122403,,47,,,Active,,,https://www.redfin.com/ME/Lee/212-Winn-Rd-04455/home/97702245,MREIS,1574118,N,Y,45.3722689,-68.28494
MLS Listing,,Single Family Residential,578 Ridge Rd,Plymouth,ME,04969,798000,4,2.0,Plymouth,2427,1994176,1994,48,329,,Active,,,https://www.redfin.com/ME/Plymouth/578-Ridge-Rd-04969/home/100238416,MREIS,1574093,N,Y,44.7870854,-69.250378
MLS Listing,,Single Family Residential,Lot 1 Richardson Rd,Hermon,ME,04401,449900,3,2.5,Hermon,1922,86684,2024,48,234,,Active,,,https://www.redfin.com/ME/Hermon/Lot-1-Richardson-RD-Unknown/home/187841125,MREIS,1574060,N,Y,44.81007,-68.9133724
MLS Listing,,Vacant Land,Lot #1 Richardson Rd,Hermon,ME,04401,49900,,,Hermon,,86684,,48,,,Active,,,https://www.redfin.com/ME/Hermon/Lot-1-Richardson-RD-Unknown/home/187841122,MREIS,1574059,N,Y,44.81007,-68.9133724
MLS Listing,,Vacant Land,0 Ledge Hill Rd,Corinth,ME,04427,699000,,,Corinth,,20603880,,49,,,Active,,,https://www.redfin.com/ME/Corinth/0-Ledge-Hill-Rd-04427/home/187830564,MREIS,1573976,N,Y,44.9670957,-69.0727102
MLS Listing,,Single Family Residential,,Lincoln,ME,04457,149000,2,,,250,63597,2019,49,596,,Active,,,https://www.redfin.com/ME/Lincoln/Undisclosed-address-04457/home/187828504,MREIS,1573958,N,Y,45.3622301,-68.5050006
MLS Listing,,Single Family Residential,111 Dewitt Ave,Bangor,ME,04401,365000,4,3.0,Bangor,3188,9583,1961,49,114,,Active,,,https://www.redfin.com/ME/Bangor/111-Dewitt-Ave-04401/home/100085989,MREIS,1573932,N,Y,44.824829,-68.7729882
MLS Listing,,Vacant Land,129 MAIN STREET Hl,Dexter,ME,04930,110000,,,Dexter,,1742400,,49,,,Active,,,https://www.redfin.com/ME/Dexter/129-Main-Street-Hl-04930/home/97714264,MREIS,1573915,N,Y,45.0239027,-69.2781715
MLS Listing,,Single Family Residential,4261 Union St,Levant,ME,04456,3000000,4,4.5,Levant,3966,3049200,1900,49,756,,Active,,,https://www.redfin.com/ME/Levant/4261-Union-St-04456/home/85798510,MREIS,1573733,N,Y,44.8950699,-68.9967362
MLS Listing,,Vacant Land,Off Dipper Pond Rd,Carroll Plt,ME,04487,69900,,,Carroll Plt,,1951487,,50,,,Active,,,https://www.redfin.com/ME/Carroll-Plantation/Off-Dipper-Pond-Rd-04487/home/175940731,MREIS,1573849,N,Y,45.3827631,-67.9739034
MLS Listing,,Single Family Residential,40 Lower Lake Road Rd,Seboeis Plt,ME,04448,200000,2,,Seboeis Plt,700,14810,1967,50,286,,Active,,,https://www.redfin.com/ME/Seboeis-Plantation/40-Lake-Rd-04448/home/187800639,MREIS,1573783,N,Y,45.3698889,-68.7035443
MLS Listing,,Single Family Residential,5 Oaks Prop Map PE039 Plan2Lot15,Greenfield Twp,ME,04418,39900,1,,Greenfield Twp,416,43560,,50,96,,Active,,,https://www.redfin.com/ME/Greenbush/5-Oaks-Prop-Map-PE039-Plan2Lot15-04418/home/187800250,MREIS,1573777,N,Y,45.0568341,-68.4615079
MLS Listing,,Vacant Land,95 Pine Ledge Rd,Bangor,ME,04401,59000,,,Bangor,,99752,,51,,,Active,,,https://www.redfin.com/ME/Bangor/95-Pine-Ledge-Rd-04401/home/100088384,MREIS,1573709,N,Y,44.8646618,-68.8527665
MLS Listing,,Vacant Land,145 Pine Ledge Rd,Bangor,ME,04401,59000,,,Bangor,,98445,,51,,,Active,,,https://www.redfin.com/ME/Bangor/145-Pine-Ledge-Rd-04401/home/100086965,MREIS,1573715,N,Y,44.8670697,-68.8513195
MLS Listing,,Vacant Land,165 Pine Ledge Rd,Bangor,ME,04401,59000,,,Bangor,,118047,,51,,,Active,,,https://www.redfin.com/ME/Bangor/165-Pine-Ledge-Rd-04401/home/100087178,MREIS,1573717,N,Y,44.864523,-68.852027
MLS Listing,,Vacant Land,125 Pine Ledge Rd,Bangor,ME,04401,59000,,,Bangor,,91911,,51,,,Active,,,https://www.redfin.com/ME/Bangor/125-Pine-Ledge-Rd-04401/home/100088028,MREIS,1573713,N,Y,44.8661064,-68.8519583
MLS Listing,,Vacant Land,80 Railroad Ave,Dexter,ME,04930,28000,,,Dexter,,17424,,51,,,Active,,,https://www.redfin.com/ME/Dexter/80-Railroad-Ave-04930/home/97715610,MREIS,1573696,N,Y,45.0117576,-69.2936814
MLS Listing,,Single Family Residential,2234 Hudson Rd,Hudson,ME,04449,299000,4,2.0,Hudson,1628,130680,2000,51,184,,Active,,,https://www.redfin.com/ME/Hudson/2234-Hudson-Rd-04449/home/100358104,MREIS,1573591,N,Y,44.9941879,-68.8809373
MLS Listing,,Single Family Residential,2352 Bennoch Rd,Old Town,ME,04468,85000,3,2.0,Old Town,1200,76230,1870,51,71,,Active,,,https://www.redfin.com/ME/Old-Town/2352-Bennoch-Rd-04468/home/100240936,MREIS,1573637,N,Y,44.9755575,-68.6919914
MLS Listing,,Mobile/Manufactured Home,666 Finson Rd #122,Bangor,ME,04401,22975,2,1.0,Bangor,924,,1976,53,25,450,Active,,,https://www.redfin.com/ME/Bangor/666-Finson-Rd-04401/unit-122/home/100084907,MREIS,1572880,N,Y,44.8415021,-68.8140856
MLS Listing,,Single Family Residential,931 Main Rd,Milford,ME,04461,399999,2,2.0,Milford,1600,3615480,2023,54,250,,Active,,,https://www.redfin.com/ME/Milford/931-Main-Rd-04461/home/187762168,MREIS,1573552,N,Y,45.0193786,-68.641783
MLS Listing,,Single Family Residential,46 Buckley Ave,Lincoln,ME,04457,272500,3,1.0,Lincoln,1652,21780,1998,54,165,,Active,,,https://www.redfin.com/ME/Lincoln/46-Buckley-Ave-04457/home/100332064,MREIS,1573488,N,Y,45.3490538,-68.5242169
MLS Listing,,Single Family Residential,20 Asgard Rd,Lakeville,ME,04487,269900,1,,Lakeville,384,1973267,2013,54,703,,Active,,,https://www.redfin.com/ME/Lakeville/20-Asgard-Rd-04487/home/187751539,MREIS,1573477,N,Y,45.3296623,-68.0774268
MLS Listing,,Vacant Land,0 Bacon Rd,Charleston,ME,04422,45000,,,Charleston,,161172,,54,,,Active,,,https://www.redfin.com/ME/Charleston/0-Bacon-RD-04422/home/187751538,MREIS,1573470,N,Y,45.0850615,-69.0405949
MLS Listing,,Single Family Residential,32 Fourth St,Old Town,ME,04468,549000,3,2.0,Old Town,1778,21344,1990,54,309,,Active,,,https://www.redfin.com/ME/Old-Town/32-4th-St-04468/home/100242399,MREIS,1573467,N,Y,44.9321212,-68.6492855
MLS Listing,,Single Family Residential,14 Blake Dr,Lincoln,ME,04457,204900,4,2.0,Lincoln,2360,257004,1975,55,87,,Active,,,https://www.redfin.com/ME/Lincoln/14-Blake-Dr-04457/home/107065051,MREIS,1573425,N,Y,45.378289,-68.4675776
MLS Listing,,Vacant Land,419-1 Main St,Ripley,ME,04930,24500,,,Ripley,,108900,,55,,,Active,,,https://www.redfin.com/ME/Dexter/419-411-Main-St-04930/home/187739459,MREIS,1573406,N,Y,45.0175569,-69.2956189
MLS Listing,,Single Family Residential,74 Gardner Point Rd,Mount Chase,ME,04765,749000,3,2.0,Mount Chase,1832,19602,2012,55,409,33,Active,,,https://www.redfin.com/ME/Mount-Chase/74-Gardiner-Point-Rd-04765/home/166904166,MREIS,1573408,N,Y,46.110492,-68.5445431
MLS Listing,,Vacant Land,Map32Lot24 Pushaw Rd,Glenburn,ME,04401,357000,,,Glenburn,,4011440,,55,,,Active,,,https://www.redfin.com/ME/Bangor/24-Pushaw-Rd-04401/home/100081709,MREIS,1573390,N,Y,44.8458385,-68.8157895
MLS Listing,,Single Family Residential,6 Pine St,East Millinocket,ME,04430,65000,3,1.0,East Millinocket,1039,2178,1920,55,63,,Active,,,https://www.redfin.com/ME/East-Millinocket/6-Pine-St-04430/home/99974889,MREIS,1573340,N,Y,45.6269834,-68.5728397
MLS Listing,,Vacant Land,Lot 1C Woodman Mill Rd,Burlington,ME,04417,14900,,,Burlington,,119790,,55,,,Active,,,https://www.redfin.com/ME/Burlington/1-Woodman-Mill-Rd-04417/home/187720511,MREIS,1573321,N,Y,45.190981,-68.4226793
MLS Listing,,Vacant Land,Lot 2 Woodman Mill Rd,Burlington,ME,04417,9900,,,Burlington,,82764,,55,,,Active,,,https://www.redfin.com/ME/Burlington/2-Woodman-Mill-Rd-04417/home/187720515,MREIS,1573323,N,Y,45.190981,-68.4226793
MLS Listing,,Single Family Residential,217 Fourth St,Old Town,ME,04468,334500,6,2.0,Old Town,2505,10018,1900,56,134,,Active,,,https://www.redfin.com/ME/Old-Town/217-4th-St-04468/home/100239763,MREIS,1573254,N,Y,44.941467,-68.6551746
MLS Listing,,Single Family Residential,328 Fourth St,Old Town,ME,04468,215000,4,1.5,Old Town,1758,10890,1880,56,122,,Active,,,https://www.redfin.com/ME/Old-Town/328-4th-St-04468/home/100241619,MREIS,1573209,N,Y,44.9344852,-68.6496186
MLS Listing,,Vacant Land,2 River Rd,Maxfield,ME,04453,55000,,,Maxfield,,103672,,56,,,Active,,,https://www.redfin.com/ME/Maxfield/2-River-RD-04453/home/187681967,MREIS,1573194,N,Y,45.2833559,-68.7522632
MLS Listing,,Single Family Residential,304 Main Rd N,Hampden,ME,04444,640000,4,2.5,Hampden,3240,87120,1920,57,198,,Active,,,https://www.redfin.com/ME/Hampden/304-Main-Rd-N-04444/home/100225714,MREIS,1573158,N,Y,44.756026,-68.821423
MLS Listing,,Single Family Residential,Lot 33 Off Dodlin Rd,Enfield,ME,04493,59900,0,,Enfield,576,696960,1998,57,104,,Active,,,https://www.redfin.com/ME/Enfield/33-Dodlin-Rd-04493/home/187669650,MREIS,1573144,N,Y,45.2561255,-68.5844311
MLS Listing,,Multi-Family (2-4 Unit),85 Center St,Bangor,ME,04401,349000,5,3.0,Bangor,2630,3049,1915,57,133,,Active,,,https://www.redfin.com/ME/Bangor/85-Center-St-04401/home/100081814,MREIS,1573146,N,Y,44.8064134,-68.7710498
MLS Listing,,Single Family Residential,267 Bill Green Pond Rd,T3 R1 Nbpp,ME,04455,89900,1,,T3 R1 NBPP,448,84070,2023,57,201,,Active,,,https://www.redfin.com/ME/Lee/267-Bill-Green-Pond-Rd-04455/home/187665764,MREIS,1573100,N,Y,45.3213773,-68.3109513
MLS Listing,,Vacant Land,Lot 2W Forest Ln,Carroll Plt,ME,04487,39900,,,Carroll Plt,,1176120,,58,,,Active,,,https://www.redfin.com/ME/Carroll-Plantation/Lot-2W-Forest-Ln-04487/home/187660544,MREIS,1573044,N,Y,45.4287825,-68.0085836
MLS Listing,,Multi-Family (5+ Unit),26 Oak Street & 399 Brunswick St,Old Town,ME,04468,1300000,13,9.0,Old Town,4724,41382,1855,58,275,,Active,,,https://www.redfin.com/ME/Old-Town/26-Oak-St-04468/home/100240614,MREIS,1573008,N,Y,44.9329665,-68.6486598
MLS Listing,,Single Family Residential,3 Merrill Brook Ln,Howland,ME,04448,850000,7,4.0,Howland,3250,283140,1965,59,262,,Active,,,https://www.redfin.com/ME/Howland/3-Merrill-Brk-Ln-04448/home/99953795,MREIS,1572946,N,Y,45.2558641,-68.6512504
MLS Listing,,Vacant Land,00 Cedar Breeze North,Glenburn,ME,04401,180000,,,Glenburn,,1698840,,60,,,Active,,,https://www.redfin.com/ME/Glenburn/0-Cedar-Breeze-N-04401/home/187650882,MREIS,1572908,N,Y,44.9565136,-68.828963
MLS Listing,,Single Family Residential,41 Stearns Farm Rd,Hampden,ME,04444,249900,2,1.0,Hampden,1400,14810,2023,60,179,100,Active,,,https://www.redfin.com/ME/Hampden/41-Stearns-Farm-RD-Unknown/home/187646898,MREIS,1572875,N,Y,44.7445421,-68.8370436
MLS Listing,,Single Family Residential,91 East Smith Pond Rd,T3 Indian Purchase Twp,ME,04462,350000,3,1.0,T3 Indian Purchase Twp,1614,33541,1968,61,217,18,Active,,,https://www.redfin.com/ME/T3-Indian-Purchase-Twp/91-East-Smith-Pond-RD-04462/home/187647899,MREIS,1572892,N,Y,45.5954969,-68.8287681
MLS Listing,,Single Family Residential,11 Lake St,Lincoln,ME,04457,265000,4,1.5,Lincoln,1738,11761,,61,152,,Active,,,https://www.redfin.com/ME/Lincoln/11-Lake-St-04457/home/107066371,MREIS,1572844,N,Y,45.3624583,-68.5031312
MLS Listing,,Single Family Residential,29 Mackenzie Ave,Lincoln,ME,04457,199900,3,1.0,Lincoln,1112,33541,1900,61,180,,Active,,,https://www.redfin.com/ME/Lincoln/29-Mackenzie-Ave-04457/home/100332169,MREIS,1572832,N,Y,45.3662065,-68.4958258
MLS Listing,,Vacant Land,0 Rt 1A (Honey Hill Estates),Hampden,ME,04444,64500,,,Hampden,,20473,,62,,,Active,,,https://www.redfin.com/ME/Hampden/0-Rt-1A-Honey-Hill-Estates-04444/home/173182060,MREIS,1572724,N,Y,44.7216757,-68.9026342
MLS Listing,,Single Family Residential,47 Main Rd S,Hampden,ME,04444,239000,3,2.0,Hampden,1788,23958,1935,62,134,,Active,,,https://www.redfin.com/ME/Hampden/47-Main-Rd-S-04444/home/100225881,MREIS,1572687,N,Y,44.7368826,-68.8397477
MLS Listing,,Vacant Land,0 Millett Mallett Rd,Lincoln,ME,04457,95000,,,Lincoln,,174240,,62,,33,Active,,,https://www.redfin.com/ME/Lincoln/0-Millett-St-04457/home/187620818,MREIS,1572691,N,Y,45.363144,-68.5026185
MLS Listing,,Single Family Residential,852 Clark Rd,Plymouth,ME,04969,350000,3,2.0,Plymouth,1680,87120,1974,62,208,,Active,,,https://www.redfin.com/ME/Plymouth/852-Clark-Rd-04969/home/66720513,MREIS,1572682,N,Y,44.7624755,-69.2132979
MLS Listing,,Single Family Residential,96 Enfield Rd,Lincoln,ME,04457,219000,3,2.0,Lincoln,1194,17424,1958,62,183,,Active,,,https://www.redfin.com/ME/Lincoln/96-Enfield-Rd-04457/home/100332702,MREIS,1572655,N,Y,45.3558323,-68.5077205
MLS Listing,,Mobile/Manufactured Home,249 Millett Mallett Rd,Lincoln,ME,04457,198000,2,1.0,Lincoln,600,38768,1968,63,330,33,Active,,,https://www.redfin.com/ME/Lincoln/249-Millett-Mallett-Rd-04457/home/66694078,MREIS,1572615,N,Y,45.296899,-68.530561
MLS Listing,,Single Family Residential,176 Island Way,Carmel,ME,04419,739900,2,3.0,Carmel,3257,82764,2004,63,227,15,Active,,,https://www.redfin.com/ME/Carmel/176-Island-Way-04419/home/100096128,MREIS,1572598,N,Y,44.8251806,-69.0984517
MLS Listing,,Single Family Residential,296 Millett Mallett Rd,Lincoln,ME,04457,499000,2,2.0,Lincoln,1240,16988,1974,63,402,33,Active,,,https://www.redfin.com/ME/Lincoln/296-Millett-Mallett-Rd-04457/home/100333034,MREIS,1572578,N,Y,45.296293,-68.530035
MLS Listing,,Vacant Land,L19B Old Farm Rd,Medway,ME,04460,169900,,,Medway,,226512,,63,,,Active,,,https://www.redfin.com/ME/Medway/L19B-Old-Farm-Rd-04460/home/172268132,MREIS,1572548,N,Y,45.6113104,-68.5374581
MLS Listing,,Single Family Residential,13 Treehouse Ln,T4 Indian Purchase Twp,ME,04462,1590000,5,2.5,T4 Indian Purchase Twp,3340,58370,,64,476,18,Active,,,https://www.redfin.com/ME/T4-Indian-Purchase-Twp/13-Treehouse-LN-04462/home/187594793,MREIS,1572481,N,Y,45.5954969,-68.8287681
MLS Listing,,Mobile/Manufactured Home,391 Pattagumpus Rd,Medway,ME,04460,58750,3,2.0,Medway,1344,43560,1998,64,44,,Active,,,https://www.redfin.com/ME/Medway/391-Pattagumpus-Rd-04460/home/100066299,MREIS,1572477,N,Y,45.5962883,-68.5247027
MLS Listing,,Single Family Residential,22 Smart Estates Dr,Lee,ME,04455,122500,2,1.0,Lee,656,74052,1991,64,187,,Active,,,https://www.redfin.com/ME/Lee/22-Smart-Estates-Dr-04455/home/97702101,MREIS,1572461,N,Y,45.3587556,-68.3172071
MLS Listing,,Single Family Residential,2657 Union St,Hermon,ME,04401,298000,3,1.0,Hermon,1291,152895,1953,64,231,,Active,,,https://www.redfin.com/ME/Hermon/2657-Union-St-04401/home/97637863,MREIS,1572459,N,Y,44.8575638,-68.8968282
MLS Listing,,Single Family Residential,373 River Rd,Orrington,ME,04474,65000,3,1.0,Orrington,1300,6534,1898,64,50,,Active,,,https://www.redfin.com/ME/Orrington/373-River-Rd-04474/home/100166121,MREIS,1572445,N,Y,44.7466057,-68.8078326
MLS Listing,,Multi-Family (2-4 Unit),376 & 364 Sawyer Rd,Hampden,ME,04444,1399999,8,8.0,Hampden,4724,225640,2019,64,296,,Active,,,https://www.redfin.com/ME/Hampden/376-Sawyer-Rd-04444/home/173536759,MREIS,1572389,N,Y,44.724764,-68.933518
MLS Listing,,Vacant Land,Lot 48-11 Patterson Rd,Hampden,ME,04444,59900,,,Hampden,,114998,,65,,,Active,,,https://www.redfin.com/ME/Hampden/48-Patterson-Rd-04444/home/100224570,MREIS,1572368,N,Y,44.7414702,-68.8849332
MLS Listing,,Vacant Land,Lot #12 Stacey Ln,Kenduskeag,ME,04450,54000,,,Kenduskeag,,199940,,65,,,Active,,,https://www.redfin.com/ME/Kenduskeag/Lot-12-Stacey-Ln-04450/home/187547597,MREIS,1572331,N,Y,44.9182023,-68.9113316
MLS Listing,,Single Family Residential,138 Salmon Rd,Lakeville,ME,04487,149000,2,0.5,Lakeville,700,448668,2003,65,213,,Active,,,https://www.redfin.com/ME/Lakeville/138-Salmon-RD-04487/home/187540455,MREIS,1572312,N,Y,45.3168704,-68.0647963
MLS Listing,,Single Family Residential,TBD Lot 11 Lindsay Dr,Levant,ME,04456,374900,3,2.0,Levant,1434,52272,2023,67,261,,Active,,,https://www.redfin.com/ME/Levant/TBD-Lot-11-Lindsay-DR-04456/home/187528028,MREIS,1572248,N,Y,44.8853653,-68.9928798
MLS Listing,,Single Family Residential,TBD Lot #9 Lindsay Dr,Levant,ME,04456,384900,3,2.0,Levant,1546,51400,2023,67,249,,Active,,,https://www.redfin.com/ME/Levant/TBD-Lot-9-Lindsay-DR-04456/home/187528004,MREIS,1572246,N,Y,44.8853653,-68.9928798
MLS Listing,,Vacant Land,2 Birch Ln,Lowell,ME,04493,37400,,,Lowell,,152460,,67,,,Active,,,https://www.redfin.com/ME/Lowell/2-Birch-Ln-04493/home/187526960,MREIS,1572226,N,Y,45.2886795,-68.4978992
MLS Listing,,Vacant Land,000 White Tail Deer Dr,Passadumkeag,ME,04475,79900,,,Passadumkeag,,73616,,67,,,Active,,,https://www.redfin.com/ME/Passadumkeag/White-Tail-Deer-DR-04475/home/183341290,MREIS,1572219,N,Y,45.1782086,-68.5921473
MLS Listing,,Single Family Residential,82 Fowler Rd,Orrington,ME,04474,399900,4,3.0,Orrington,2760,198633,1971,68,145,,Active,,,https://www.redfin.com/ME/Orrington/82-Fowler-Rd-04474/home/100165916,MREIS,1572155,N,Y,44.7289569,-68.7704358
MLS Listing,,Vacant Land,off Cody's Ln,Lakeville,ME,04487,95000,,,Lakeville,,54450,,68,,17,Active,,,https://www.redfin.com/ME/Lakeville/Off-Cody-Ln-04487/home/171991794,MREIS,1572094,N,Y,45.3111915,-68.0381365
MLS Listing,,Vacant Land,Map 201 Lot 63-E North Dexter Rd,Dexter,ME,04930,21900,,,Dexter,,147668,,69,,,Active,,,https://www.redfin.com/ME/Dexter/Map-201-N-Dexter-Rd-04930/home/187479289,MREIS,1572066,N,Y,45.0634472,-69.3352088
MLS Listing,,Vacant Land,M401 L49-1 Dunn Rd,Dexter,ME,04930,69900,,,Dexter,,128937,,69,,,Active,,,https://www.redfin.com/ME/Dexter/1-Dunn-Rd-04930/home/97715519,MREIS,1572045,N,Y,45.0147369,-69.243654
MLS Listing,,Vacant Land,001-16B-3 Birchwood Ln,Carmel,ME,04419,119000,,,Carmel,,2147508,,69,,,Active,,,https://www.redfin.com/ME/Carmel/1-Birchwood-Ln-04419/home/187471336,MREIS,1572014,N,Y,44.7706296,-69.067081
MLS Listing,,Single Family Residential,326 Cedar Lake Rd,T3 R9 Nwp,ME,04462,429000,2,1.0,T3 R9 NWP,800,45738,1973,69,536,33,Active,,,https://www.redfin.com/ME/North-Penobscot/326-Cedar-Lake-Rd-04462/home/187469410,MREIS,1571996,N,Y,45.5590394,-68.8204162
MLS Listing,,Mobile/Manufactured Home,83 Mill St,Kingman Twp,ME,04451,155000,3,2.0,Kingman Twp,1250,74052,2005,70,124,,Active,,,https://www.redfin.com/ME/Kingman/83-Mill-St-04451/home/100370010,MREIS,1571884,N,Y,45.553376,-68.186138
MLS Listing,,Vacant Land,129 Lot #2 Shaw Hill Rd,Hampden,ME,04444,600000,,,Hampden,,2352240,,71,,,Active,,,https://www.redfin.com/ME/Hampden/129-Lot-2-Shaw-Hill-Rd-04444/home/187454255,MREIS,1571853,N,Y,44.7565594,-68.9376019
MLS Listing,,Vacant Land,8 Kolm Ln,Garland,ME,04939,79900,,,Garland,,57499,,71,,,Active,,,https://www.redfin.com/ME/Garland/8-Kolm-LN-04939/home/146208376,MREIS,1571836,N,Y,45.0629739,-69.1586139
MLS Listing,,Vacant Land,TBD Townhouse Rd,Kenduskeag,ME,04450,40000,,,Kenduskeag,,217800,,71,,,Active,,,https://www.redfin.com/ME/Kenduskeag/TBD-Townhouse-Rd-04450/home/187443534,MREIS,1571804,N,Y,44.901869,-68.947986
MLS Listing,,Single Family Residential,22 South Park St,Bangor,ME,04401,209000,3,2.0,Bangor,846,5662,1900,72,247,,Active,,,https://www.redfin.com/ME/Bangor/22-S-Park-St-04401/home/100086205,MREIS,1571650,N,Y,44.8092327,-68.773191
MLS Listing,,Vacant Land,68 Woodville Rd,Chester,ME,04457,30000,,,Chester,,87120,,75,,,Active,,,https://www.redfin.com/ME/Chester/68-Woodville-Rd-04457/home/187394511,MREIS,1571444,N,Y,45.4840176,-68.4826781
MLS Listing,,Vacant Land,002-04-03 Moosehead Trail Hwy,Plymouth,ME,04969,38750,,,Plymouth,,87120,,75,,,Active,,,https://www.redfin.com/ME/Plymouth/002-04-03-Moosehead-Trail-HWY-04969/home/187393216,MREIS,1571426,N,Y,44.7629558,-69.2150173
MLS Listing,,Vacant Land,Lot 17 Grant Rd,Orono,ME,04473,58000,,,Orono,,120225,,75,,,Active,,,https://www.redfin.com/ME/Orono/Lot-17-Grant-Rd-04473/home/170049079,MREIS,1571432,N,Y,44.8953644,-68.715838
MLS Listing,,Vacant Land,002-04-02 Moosehead Trail Hwy,Plymouth,ME,04969,38750,,,Plymouth,,87120,,75,,,Active,,,https://www.redfin.com/ME/Plymouth/002-04-02-Moosehead-Trail-HWY-04969/home/187392668,MREIS,1571425,N,Y,44.7629558,-69.2150173
MLS Listing,,Single Family Residential,3964 Union St,Levant,ME,04456,364900,3,2.0,Levant,1530,274428,1987,76,238,,Active,,,https://www.redfin.com/ME/Levant/3964-Union-St-04456/home/85798516,MREIS,1571351,N,Y,44.8822954,-68.9730655
MLS Listing,,Multi-Family (2-4 Unit),87 Main St,Newport,ME,04953,425000,4,3.0,Newport,4592,53143,1900,77,93,,Active,,,https://www.redfin.com/ME/Newport/87-Main-St-04953/home/99994814,MREIS,1571228,N,Y,44.8354801,-69.2805621
MLS Listing,,Single Family Residential,381 Western Ave,Hampden,ME,04444,308000,3,1.0,Hampden,1949,142005,1935,77,158,,Active,,,https://www.redfin.com/ME/Hampden/381-Western-Ave-04444/home/100226650,MREIS,1571219,N,Y,44.7474214,-68.8737637
MLS Listing,,Vacant Land,0 Western Ave,Hampden,ME,04444,350000,,,Hampden,,446925,,77,,,Active,,,https://www.redfin.com/ME/Hampden/0-Western-Ave-04444/home/170678100,MREIS,1571189,N,Y,44.7449866,-68.8379031
MLS Listing,,Vacant Land,Off Western Ave,Hampden,ME,04444,675000,,,Hampden,,3267000,,77,,,Active,,,https://www.redfin.com/ME/Newburgh/Off-Western-Ave-04444/home/187359815,MREIS,1571177,N,Y,44.7341514,-68.9666252
MLS Listing,,Vacant Land,31 Winter St,Lincoln,ME,04457,40000,,,Lincoln,,78408,,77,,,Active,,,https://www.redfin.com/ME/Lincoln/31-Winter-St-04457/home/187359814,MREIS,1571181,N,Y,45.3529662,-68.5124748
MLS Listing,,Single Family Residential,13 Day Rd,Medway,ME,04460,55000,2,1.0,Medway,720,47916,1975,77,76,,Active,,,https://www.redfin.com/ME/Medway/13-Day-Rd-04460/home/100066344,MREIS,1571159,N,Y,45.6109213,-68.5433976
MLS Listing,,Vacant Land,M11 L53 LaGrange Rd,Bradford,ME,04453,15000,,,Bradford,,21780,,77,,,Active,,,https://www.redfin.com/ME/Bradford/M11-L53-LaGrange-RD-04410/home/187348584,MREIS,1571097,N,Y,45.0671376,-68.9366104
MLS Listing,,Single Family Residential,99 Stone Ridge Rd,Garland,ME,04939,82900,3,1.0,Garland,900,1212710,2007,78,92,,Active,,,https://www.redfin.com/ME/Garland/99-Stone-Ridge-Rd-04939/home/179375221,MREIS,1571084,N,Y,45.075833,-69.228329
MLS Listing,,Vacant Land,Map41Lot1 Wendy Acres Dr,Hermon,ME,04401,115000,,,Hermon,,130680,,79,,,Active,,,https://www.redfin.com/ME/Hermon/Map41Lot1-Wendy-Acres-Dr-04401/home/187335323,MREIS,1570935,N,Y,44.8190442,-68.915465
MLS Listing,,Multi-Family (2-4 Unit),27 Eastern Ave #2,Brewer,ME,04412,384900,4,2.0,Brewer,1768,60112,1984,79,218,,Active,,,https://www.redfin.com/ME/Brewer/27-Eastern-Ave-04412/unit-2/home/187334436,MREIS,1570921,N,Y,44.7898182,-68.7545094
MLS Listing,,Vacant Land,2 Edinburg Rd,Edinburg,ME,04448,24900,,,Edinburg,,200375,,80,,,Active,,,https://www.redfin.com/ME/Edinburg/2-Edinburg-Rd-04448/home/187332026,MREIS,1570883,N,Y,45.1985989,-68.6279636
MLS Listing,,Single Family Residential,52 Gardner St,Patten,ME,04765,69900,3,2.0,Patten,2800,25264,1918,80,25,,Active,,,https://www.redfin.com/ME/Patten/52-Gardiner-St-04765/home/166907615,MREIS,1570877,N,Y,45.9987078,-68.4450865
MLS Listing,,Single Family Residential,18 Trafton Ln,Lakeville,ME,04487,229000,0,,Lakeville,2500,21780,,82,92,,Active,,,https://www.redfin.com/ME/Lakeville/18-Trafton-LN-04487/home/187307015,MREIS,1570756,N,Y,45.3168704,-68.0647963
MLS Listing,,Single Family Residential,LOT7-10A&B Packard Rd,Plymouth,ME,04969,129000,1,,Plymouth,384,927392,1992,82,336,,Active,,,https://www.redfin.com/ME/Plymouth/LOT7-10A-B-Packard-Rd-04969/home/187301259,MREIS,1570731,N,Y,44.7375879,-69.220067
MLS Listing,,Vacant Land,0 Kennebec Rd,Hampden,ME,04444,199000,,,Hampden,,2134440,,82,,,Active,,,https://www.redfin.com/ME/Hampden/0-Kennebec-Rd-04444/home/187299502,MREIS,1570729,N,Y,44.7325119,-68.8418778
MLS Listing,,Vacant Land,Lot 14 Hemlock Rdg,Hermon,ME,04401,49900,,,Hermon,,77972,,82,,,Active,,,https://www.redfin.com/ME/Hermon/Lot-14-Hemlock-Ridge-Dr-04401/home/148438577,MREIS,1570713,N,Y,44.8266734,-68.9345004
